{
  "n_elements": 100,
  "eps": 0.12,
  "reference": {
    "R": 2486.733333333333,
    "n0": 324.43333333333334,
    "n1": 228.63333333333333,
    "n2": 181.33333333333334,
    "height": 17.0
  },
  "gibbs_tv": 0.01838710431422638,
  "gibbs_visited": 720,
  "gibbs_states": 720,
  "beta0_mcmc_n0": 324.97478991596637,
  "beta0_identity_rel_dev": 0.0016689301838067351,
  "beta0_acceptance": 0.9902333333333333
}