tau_ell,seed,flat_twin,n_realized,rho_hat,pool_size,rejections,complete,y,median_relerr,mean_m,sd_m,stage,code_version
0.3,8280000.0,False,2773.0,1733.1250000000002,66787.0,6.0,True,-0.9714962916888658,0.10678339104156512,77.5,12.4056438768812,A13,d916f34
0.3,8280200.0,False,2753.0,1720.6250000000002,60565.0,4.0,True,-0.6252280937347224,0.23701285747843967,77.33333333333333,15.807171368295677,A13,d916f34
0.3,8280400.0,False,2702.0,1688.7500000000002,61502.0,8.0,True,-0.8193311444083988,0.15158940753736447,78.66666666666667,7.420691791650335,A13,d916f34
0.3,8280600.0,False,2684.0,1677.5000000000002,62989.0,5.0,True,-0.642793204352686,0.22761810095332619,66.33333333333333,9.39503414930817,A13,d916f34
0.3,8280800.0,False,2780.0,1737.5000000000002,65610.0,12.0,True,-0.7825881080767724,0.1649726276931636,81.0,10.0,A13,d916f34
0.3,8281000.0,False,2691.0,1681.8750000000002,60252.0,1.0,True,-0.6776421728702408,0.2100669970370846,73.66666666666667,7.393691004272944,A13,d916f34
0.3,8281200.0,False,2684.0,1677.5000000000002,60698.0,3.0,True,-0.7638886560784195,0.17223100822721943,73.5,15.083103128998356,A13,d916f34
0.3,8281400.0,False,2805.0,1753.1250000000002,64876.0,6.0,True,-0.8180481239353351,0.15203790480225787,71.33333333333333,6.65331997326648,A13,d916f34
0.3,8281600.0,False,2710.0,1693.7500000000002,61597.0,6.0,True,-0.753383970861801,0.1764477111502308,85.66666666666667,14.023789311975086,A13,d916f34
0.3,8281800.0,False,2724.0,1702.5000000000002,63496.0,2.0,True,-0.6694131965195198,0.21408527813958755,70.33333333333333,7.2571803523590805,A13,d916f34
0.3,8282000.0,False,2801.0,1750.6250000000002,66064.0,10.0,True,-0.8482329262232994,0.14182966391536875,76.33333333333333,13.321661558028962,A13,d916f34
0.3,8282200.0,False,2669.0,1668.1250000000002,59730.0,0.0,True,-0.7992715837493155,0.15875536698601012,77.5,10.232301793829187,A13,d916f34
0.3,8282400.0,False,2648.0,1655.0000000000002,59349.0,6.0,True,-0.9253682233478132,0.11874949643650654,76.83333333333333,11.321071798494463,A13,d916f34
0.3,8282600.0,False,2809.0,1755.6250000000002,67206.0,1.0,True,-0.7366201932301037,0.18339175507698952,78.66666666666667,8.824209124146293,A13,d916f34
0.3,8282800.0,False,2706.0,1691.2500000000002,61368.0,0.0,True,-0.9445564097434176,0.11361707128750032,68.16666666666667,9.579491983746667,A13,d916f34
0.3,8283000.0,False,2736.0,1710.0000000000002,63044.0,0.0,True,-0.6608914964006355,0.21832753105283947,79.5,12.469963913339926,A13,d916f34
0.3,8283200.0,False,2637.0,1648.1250000000002,60109.0,8.0,True,-0.8303245789796445,0.1478003358851855,72.66666666666667,20.61714496885218,A13,d916f34
0.3,8283400.0,False,2652.0,1657.5000000000002,58200.0,8.0,True,-0.6366622206051593,0.23085419956702974,73.0,6.06630035524124,A13,d916f34
0.3,8283600.0,False,2699.0,1686.8750000000002,60940.0,3.0,True,-0.6020988387915127,0.24997763860250594,65.0,10.545141061171254,A13,d916f34
0.3,8283800.0,False,2735.0,1709.3750000000002,62036.0,11.0,True,-0.7385538528309717,0.18257703381906004,73.0,12.712198865656562,A13,d916f34
0.3,8284000.0,False,2733.0,1708.1250000000002,62339.0,11.0,True,-0.7066352742817811,0.19650098229177443,75.33333333333333,9.373722135132162,A13,d916f34
0.3,8284200.0,False,2702.0,1688.7500000000002,62631.0,4.0,True,-0.7890464310570976,0.16253749752495567,72.66666666666667,7.229568912920512,A13,d916f34
0.3,8284400.0,False,2792.0,1745.0000000000002,63778.0,8.0,True,-0.8125079683099933,0.15398982721905857,77.0,13.549907748763458,A13,d916f34
0.3,8284600.0,False,2656.0,1660.0000000000002,60755.0,2.0,True,-0.8553862206471115,0.1395127114433171,74.66666666666667,6.831300510639733,A13,d916f34
0.3,8284800.0,False,2712.0,1695.0000000000002,61814.0,6.0,True,-0.6068892646760927,0.24723544594289695,67.83333333333333,4.355073669487885,A13,d916f34
0.3,8285000.0,False,2777.0,1735.6250000000002,63615.0,0.0,True,-0.72405345884723,0.18877589638515865,73.83333333333333,11.923366415013282,A13,d916f34
0.3,8285200.0,False,2711.0,1694.3750000000002,62371.0,9.0,True,-0.7201809766950917,0.1904666850767115,70.5,5.319774431308154,A13,d916f34
0.3,8285400.0,False,2700.0,1687.5000000000002,58058.0,2.0,True,-0.7259896645094037,0.18793615419683907,73.33333333333333,16.169930941926335,A13,d916f34
0.3,8285600.0,False,2805.0,1753.1250000000002,65881.0,12.0,True,-0.8736451589047995,0.13376880306002664,76.0,16.2234398325386,A13,d916f34
0.3,8285800.0,False,2701.0,1688.1250000000002,60196.0,4.0,True,-0.5870895185509044,0.25876794771239886,72.0,15.192103211866355,A13,d916f34
0.3,8286000.0,False,2675.0,1671.8750000000002,58984.0,11.0,True,-0.9731216037280412,0.10638450967711283,69.5,10.653637876331258,A13,d916f34
0.3,8286200.0,False,2705.0,1690.6250000000002,60701.0,3.0,True,-0.7379917197507133,0.18281350709945643,86.83333333333333,11.444066876188144,A13,d916f34
0.3,8286400.0,False,2730.0,1706.2500000000002,63165.0,3.0,True,-0.7032061220129029,0.19805867895211188,77.66666666666667,9.309493362512628,A13,d916f34
0.3,8286600.0,False,2774.0,1733.7500000000002,66784.0,12.0,True,-0.568629460674669,0.2700042121400523,73.83333333333333,12.875040453010882,A13,d916f34
0.3,8286800.0,False,2720.0,1700.0000000000002,63374.0,0.0,True,-0.6921269769224089,0.203176288707007,68.83333333333333,6.882344561751225,A13,d916f34
0.3,8287000.0,False,2685.0,1678.1250000000002,60460.0,3.0,True,-0.7020287294480948,0.19859635375541235,74.66666666666667,10.366613075960087,A13,d916f34
0.3,8287200.0,False,2713.0,1695.6250000000002,61579.0,3.0,True,-0.7510029902900447,0.17741772649327947,77.0,12.033287165193059,A13,d916f34
0.3,8287400.0,False,2808.0,1755.0000000000002,64970.0,7.0,True,-0.8592592413325237,0.13827407397428546,84.16666666666667,13.541294866690802,A13,d916f34
0.3,8287600.0,False,2826.0,1766.2500000000002,67616.0,3.0,True,-0.7509890938020826,0.1774234035692008,79.33333333333333,7.420691791650335,A13,d916f34
0.3,8287800.0,False,2747.0,1716.8750000000002,63346.0,4.0,True,-0.9209191349861408,0.11997226690054438,83.16666666666667,13.775582262346179,A13,d916f34
0.3,8288000.0,False,2724.0,1702.5000000000002,61486.0,6.0,True,-0.8595208176042547,0.13819081635059588,81.16666666666667,13.717385562368166,A13,d916f34
0.3,8288200.0,False,2730.0,1706.2500000000002,63043.0,3.0,True,-0.7077406091955285,0.19600149809477357,72.33333333333333,12.675435561221029,A13,d916f34
0.3,8288400.0,False,2805.0,1753.1250000000002,64336.0,18.0,True,-0.7878651565012665,0.1629801989075672,76.33333333333333,16.741166825125024,A13,d916f34
0.3,8288600.0,False,2710.0,1693.7500000000002,61270.0,8.0,True,-0.7592957982024896,0.1740620931722822,80.5,5.431390245600108,A13,d916f34
0.3,8288800.0,False,2668.0,1667.5000000000002,61024.0,3.0,True,-0.728259196252358,0.18695660102799294,67.83333333333333,12.906070922889997,A13,d916f34
0.3,8289000.0,False,2723.0,1701.8750000000002,60305.0,11.0,True,-0.794136152606605,0.16064375511298917,75.83333333333333,16.582118883504204,A13,d916f34
0.3,8289200.0,False,2699.0,1686.8750000000002,61000.0,4.0,True,-0.8980849504839474,0.12644889820036875,85.66666666666667,9.437513796899408,A13,d916f34
0.3,8289400.0,False,2763.0,1726.8750000000002,63695.0,8.0,True,-0.6701194171047156,0.21373742990613392,81.33333333333333,11.86029791643813,A13,d916f34
0.3,8289600.0,False,2749.0,1718.1250000000002,61314.0,6.0,True,-1.1335197509064352,0.07353265534290146,72.5,7.44983221287567,A13,d916f34
0.3,8289800.0,False,2731.0,1706.8750000000002,64183.0,7.0,True,-0.694915481502025,0.20187591982693506,80.83333333333333,13.287839051804726,A13,d916f34
0.3,8290000.0,False,2707.0,1691.8750000000002,60457.0,0.0,True,-0.8311765823596395,0.14751066390021356,80.5,18.918245161747958,A13,d916f34
0.3,8290200.0,False,2757.0,1723.1250000000002,63402.0,5.0,True,-0.6039349224253144,0.24892302931660454,74.5,11.945710527214361,A13,d916f34
0.3,8290400.0,False,2571.0,1606.8750000000002,55819.0,7.0,True,-0.694877051820156,0.20189378413549536,70.0,8.740709353364863,A13,d916f34
0.3,8290600.0,False,2767.0,1729.3750000000002,61582.0,9.0,True,-0.736101875307552,0.18361075850180464,79.16666666666667,9.558591249063152,A13,d916f34
0.3,8290800.0,False,2739.0,1711.8750000000002,62862.0,2.0,True,-0.6879992700357396,0.20511656264317485,74.0,10.564090116995406,A13,d916f34
0.3,8291000.0,False,2747.0,1716.8750000000002,64085.0,2.0,True,-0.7363820580314744,0.18349234122141167,71.66666666666667,10.01332445627658,A13,d916f34
0.3,8291200.0,False,2704.0,1690.0000000000002,62992.0,2.0,True,-0.825174209410109,0.1495635588468241,68.16666666666667,13.556056457047774,A13,d916f34
0.3,8291400.0,False,2711.0,1694.3750000000002,64239.0,2.0,True,-0.9819819762538476,0.10423606877246352,78.0,8.62554346113913,A13,d916f34
0.3,8291600.0,False,2652.0,1657.5000000000002,57953.0,1.0,True,-0.7389469660052717,0.18241184414640338,76.33333333333333,11.075498483890765,A13,d916f34
0.3,8291800.0,False,2763.0,1726.8750000000002,63860.0,4.0,True,-0.8600507767888504,0.13802228824395305,80.33333333333333,11.021191708098842,A13,d916f34
0.3,8292000.0,False,2777.0,1735.6250000000002,65465.0,6.0,True,-0.8111867288002226,0.15445901863703176,78.33333333333333,16.020819787597222,A13,d916f34
0.3,8292200.0,False,2701.0,1688.1250000000002,60432.0,8.0,True,-0.7597999954400192,0.1738601318161967,70.0,8.049844718999243,A13,d916f34
0.3,8292400.0,False,2763.0,1726.8750000000002,65371.0,10.0,True,-0.8300078603090885,0.14790816179825858,82.16666666666667,14.552204873030982,A13,d916f34
0.3,8292600.0,False,2762.0,1726.2500000000002,62082.0,2.0,True,-0.9096777650040282,0.1231181936366372,82.16666666666667,5.600595206463923,A13,d916f34
0.3,8292800.0,False,2759.0,1724.3750000000002,65510.0,12.0,True,-0.7593799206024155,0.17402838078680483,80.83333333333333,15.302505241517373,A13,d916f34
0.3,8293000.0,False,2788.0,1742.5000000000002,65316.0,3.0,True,-0.6841854565503008,0.2069257526113134,76.33333333333333,15.590595455808181,A13,d916f34
0.3,8293200.0,False,2777.0,1735.6250000000002,63234.0,2.0,True,-0.7327947579164154,0.18501427664958325,75.83333333333333,11.583033569262703,A13,d916f34
0.3,8293400.0,False,2692.0,1682.5000000000002,61826.0,4.0,True,-0.7498247933875978,0.1778996962713624,79.33333333333333,6.801960501698511,A13,d916f34
0.3,8293600.0,False,2699.0,1686.8750000000002,61049.0,5.0,True,-0.7259112268321958,0.18797010030322472,72.0,12.116104984688768,A13,d916f34
0.3,8293800.0,False,2776.0,1735.0000000000002,64552.0,5.0,True,-0.6996537708669206,0.1996853616289091,80.5,7.422937423958254,A13,d916f34
0.3,8294000.0,False,2687.0,1679.3750000000002,63539.0,3.0,True,-0.7022906321765005,0.19847662567012758,75.16666666666667,13.452385166455302,A13,d916f34
0.3,8294200.0,False,2664.0,1665.0000000000002,58242.0,2.0,True,-0.6854233376451347,0.20633678641529557,75.83333333333333,18.454448424883,A13,d916f34
0.3,8294400.0,False,2703.0,1689.3750000000002,60789.0,3.0,True,-1.0062638859651454,0.09856803846303168,82.0,12.049896265113654,A13,d916f34
0.3,8294600.0,False,2679.0,1674.3750000000002,59705.0,4.0,True,-0.7057554066722518,0.1968994909420099,74.16666666666667,11.617515511789373,A13,d916f34
0.3,8294800.0,False,2689.0,1680.6250000000002,59138.0,2.0,True,-1.0834779864469253,0.08251293086385389,77.16666666666667,16.314615124687023,A13,d916f34
0.3,8295000.0,False,2734.0,1708.7500000000002,64181.0,7.0,True,-0.6760577311873301,0.2108347866574691,74.5,15.122830422906949,A13,d916f34
0.3,8295200.0,False,2722.0,1701.2500000000002,62255.0,9.0,True,-0.7037319354301693,0.19781902844606958,75.83333333333333,10.419532938988516,A13,d916f34
0.3,8295400.0,False,2780.0,1737.5000000000002,63922.0,7.0,True,-0.946337124573031,0.113152166946655,86.5,11.74308307047174,A13,d916f34
0.3,8295600.0,False,2727.0,1704.3750000000002,60625.0,0.0,True,-0.7055068292634857,0.1970122226879377,70.83333333333333,8.084965470963168,A13,d916f34
0.3,8295800.0,False,2736.0,1710.0000000000002,60962.0,5.0,True,-0.5719120686354113,0.2679710829472819,76.66666666666667,9.39503414930817,A13,d916f34
0.3,8296000.0,False,2809.0,1755.6250000000002,65744.0,5.0,True,-0.6667740635482413,0.21539019847586546,71.33333333333333,13.456101466125569,A13,d916f34
0.3,8296200.0,False,2645.0,1653.1250000000002,60653.0,3.0,True,-0.6106466215863282,0.2451056816054732,65.83333333333333,8.01040989379861,A13,d916f34
0.3,8296400.0,False,2774.0,1733.7500000000002,68411.0,2.0,True,-0.6561066125678642,0.22074627685847215,69.83333333333333,10.419532938988517,A13,d916f34
0.3,8296600.0,False,2704.0,1690.0000000000002,61720.0,0.0,True,-0.9464141139584056,0.11313210971813764,75.33333333333333,13.822686666009133,A13,d916f34
0.3,8296800.0,False,2707.0,1691.8750000000002,61196.0,7.0,True,-0.5939257242043143,0.25472658648910557,75.5,11.148990985734986,A13,d916f34
0.3,8297000.0,False,2661.0,1663.1250000000002,60645.0,6.0,True,-0.5011276941807578,0.3154077104087267,75.16666666666667,10.457851914550458,A13,d916f34
0.3,8297200.0,False,2734.0,1708.7500000000002,62883.0,5.0,True,-0.6632572062990191,0.2171414800602578,70.66666666666667,8.382521498133285,A13,d916f34
0.3,8297400.0,False,2657.0,1660.6250000000002,60153.0,10.0,True,-0.7689746504314952,0.17022578655013157,70.0,11.916375287812984,A13,d916f34
0.3,8297600.0,False,2757.0,1723.1250000000002,67041.0,7.0,True,-0.8213866086776976,0.15087364799077743,86.0,10.545141061171254,A13,d916f34
0.3,8297800.0,False,2667.0,1666.8750000000002,60955.0,0.0,True,-0.742640070142254,0.1808672476937739,71.0,13.038404810405298,A13,d916f34
0.3,8298000.0,False,2753.0,1720.6250000000002,63385.0,8.0,True,-0.8007247759560687,0.1582250436089247,75.33333333333333,16.14517471774978,A13,d916f34
0.3,8298200.0,False,2749.0,1718.1250000000002,62724.0,3.0,True,-0.6722953506799131,0.21266922543224542,72.33333333333333,16.97841767264154,A13,d916f34
0.3,8298400.0,False,2708.0,1692.5000000000002,60384.0,19.0,True,-0.8673121173485161,0.13573376089864045,69.0,7.536577472566709,A13,d916f34
0.3,8298600.0,False,2689.0,1680.6250000000002,60163.0,11.0,True,-0.9066747566551695,0.12397246693628877,77.0,15.336231610144651,A13,d916f34
0.3,8298800.0,False,2647.0,1654.3750000000002,58993.0,11.0,True,-0.8209275853991437,0.15103319671007503,76.16666666666667,13.377842377105011,A13,d916f34
0.3,8299000.0,False,2733.0,1708.1250000000002,63465.0,19.0,True,-0.6127960997886603,0.2438955633388672,74.0,10.69579356569675,A13,d916f34
0.3,8299200.0,False,2736.0,1710.0000000000002,61876.0,5.0,True,-0.6337233576120573,0.2324216833934191,71.33333333333333,5.573747990954262,A13,d916f34
0.3,8299400.0,False,2745.0,1715.6250000000002,64171.0,2.0,True,-0.9048932939201962,0.12448204263660553,74.0,5.621387729022079,A13,d916f34
0.3,8299600.0,False,2751.0,1719.3750000000002,62395.0,5.0,True,-0.8324338573156644,0.14708424064087677,82.66666666666667,12.274635093014645,A13,d916f34
0.3,8299800.0,False,2767.0,1729.3750000000002,64054.0,14.0,True,-0.667882080283351,0.214841373263083,79.0,10.788883167408942,A13,d916f34
0.3,8300000.0,False,2753.0,1720.6250000000002,64168.0,2.0,True,-0.7608959762088888,0.17342193345221527,81.0,16.186414056238647,A13,d916f34
0.3,8300200.0,False,2765.0,1728.1250000000002,64045.0,2.0,True,-0.5418840424920099,0.28715471886040217,66.5,8.916277250063503,A13,d916f34
0.3,8300400.0,False,2822.0,1763.7500000000002,66042.0,8.0,True,-0.7333834149048603,0.18476367210652228,77.0,12.393546707863734,A13,d916f34
0.3,8300600.0,False,2704.0,1690.0000000000002,62492.0,0.0,True,-0.7072448186147848,0.19622538117323673,67.33333333333333,8.2138095100061,A13,d916f34
0.3,8300800.0,False,2687.0,1679.3750000000002,60924.0,7.0,True,-0.9155046869546725,0.12147735104287494,70.33333333333333,8.959166627910582,A13,d916f34
0.3,8301000.0,False,2751.0,1719.3750000000002,64911.0,15.0,True,-0.8408330665910171,0.1442669776033657,80.5,6.473020933072903,A13,d916f34
0.3,8301200.0,False,2818.0,1761.2500000000002,66550.0,7.0,True,-1.0709493041775773,0.08492796068860096,79.16666666666667,12.089940722214758,A13,d916f34
0.3,8301400.0,False,2779.0,1736.8750000000002,62516.0,8.0,True,-0.9953089386221007,0.10108601155465766,72.66666666666667,15.161354381013151,A13,d916f34
0.3,8301600.0,False,2681.0,1675.6250000000002,62214.0,8.0,True,-0.7420996416830148,0.1810924558276436,76.0,6.663332499583072,A13,d916f34
0.3,8301800.0,False,2700.0,1687.5000000000002,60906.0,4.0,True,-0.664406762702446,0.2165674771214351,83.0,20.92844953645635,A13,d916f34
0.3,8302000.0,False,2736.0,1710.0000000000002,64372.0,3.0,True,-0.6161406674276969,0.24202450055036417,73.16666666666667,11.14300976696452,A13,d916f34
0.3,8302200.0,False,2724.0,1702.5000000000002,59843.0,3.0,True,-0.7077806786135755,0.19598341519480356,80.33333333333333,9.993331109628395,A13,d916f34
0.3,8302400.0,False,2680.0,1675.0000000000002,59999.0,6.0,True,-0.7966836844095044,0.15970419189387575,72.16666666666667,5.382068994974578,A13,d916f34
0.3,8302600.0,False,2733.0,1708.1250000000002,63077.0,7.0,True,-0.7494880348611134,0.17803769588993196,75.66666666666667,7.941452428030194,A13,d916f34
0.3,8302800.0,False,2817.0,1760.6250000000002,66325.0,8.0,True,-0.805015480483411,0.15666952240573792,79.33333333333333,4.179314138308661,A13,d916f34
0.3,8303000.0,False,2807.0,1754.3750000000002,66381.0,11.0,True,-1.16539021981034,0.06832974188617469,67.83333333333333,6.177917664283546,A13,d916f34
0.3,8303200.0,False,2693.0,1683.1250000000002,62727.0,8.0,True,-0.6369145998377963,0.2307200834719213,68.16666666666667,16.963686706216507,A13,d916f34
0.3,8303400.0,False,2762.0,1726.2500000000002,65907.0,11.0,True,-0.6059647692912853,0.2477623038485712,72.16666666666667,13.347908700117284,A13,d916f34
0.3,8303600.0,False,2840.0,1775.0000000000002,68714.0,10.0,True,-0.6752577343367994,0.21122351507876425,82.16666666666667,10.515068552637526,A13,d916f34
0.3,8303800.0,False,2811.0,1756.8750000000002,63270.0,8.0,True,-0.7239210785706184,0.1888334472303281,78.33333333333333,8.453795991545258,A13,d916f34
0.3,8304000.0,False,2686.0,1678.7500000000002,60376.0,15.0,True,-0.6391416755380437,0.22953997207060242,79.16666666666667,11.285684147036308,A13,d916f34
0.3,8304200.0,False,2670.0,1668.7500000000002,60985.0,4.0,True,-0.6289014006231205,0.23501663266660444,65.0,5.176871642217914,A13,d916f34
0.3,8304400.0,False,2689.0,1680.6250000000002,62238.0,15.0,True,-0.6563426519748939,0.22062633367355294,67.5,11.23832727766904,A13,d916f34
0.3,8304600.0,False,2794.0,1746.2500000000002,66741.0,5.0,True,-0.7376022803600185,0.18297751266278753,74.66666666666667,10.614455552060438,A13,d916f34
0.3,8304800.0,False,2749.0,1718.1250000000002,64402.0,0.0,True,-0.7239880319570915,0.18880433780162065,79.66666666666667,18.37026583004902,A13,d916f34
0.3,8305000.0,False,2690.0,1681.2500000000002,61142.0,3.0,True,-0.6985954382355687,0.20017256847074233,78.33333333333333,14.292189008919056,A13,d916f34
0.3,8305200.0,False,2671.0,1669.3750000000002,59735.0,1.0,True,-0.7550702396415547,0.17576393231257265,74.66666666666667,10.347302385968367,A13,d916f34
0.3,8305400.0,False,2856.0,1785.0000000000002,68113.0,16.0,True,-0.680889984384856,0.20850189938730698,78.0,9.757048734120374,A13,d916f34
0.3,8305600.0,False,2800.0,1750.0000000000002,66329.0,6.0,True,-0.74724051254448,0.17896144899740293,80.83333333333333,11.14300976696452,A13,d916f34
0.3,8305800.0,False,2741.0,1713.1250000000002,65083.0,7.0,True,-0.6175562251907132,0.2412369199130679,68.33333333333333,12.548572295949315,A13,d916f34
0.3,8306000.0,False,2664.0,1665.0000000000002,57929.0,8.0,True,-0.8076977600953354,0.1557048856471297,81.33333333333333,10.782702196883056,A13,d916f34
0.3,8306200.0,False,2660.0,1662.5000000000002,60065.0,6.0,True,-0.7023772562453824,0.19843704161118433,78.83333333333333,20.409964886463346,A13,d916f34
0.3,8306400.0,False,2814.0,1758.7500000000002,66660.0,8.0,True,-0.785393982987132,0.16391021389080263,73.5,14.48792600754159,A13,d916f34
0.3,8306600.0,False,2820.0,1762.5000000000002,68185.0,1.0,True,-0.7011633496153714,0.19899247350055985,79.83333333333333,20.52721770398187,A13,d916f34
0.3,8306800.0,False,2761.0,1725.6250000000002,62414.0,0.0,True,-0.9501488710815365,0.11216339053794869,68.66666666666667,12.847827313077751,A13,d916f34
0.3,8307000.0,False,2794.0,1746.2500000000002,64981.0,3.0,True,-0.7961328476492127,0.15990688098120054,72.0,11.47170431975999,A13,d916f34
0.3,8307200.0,False,2708.0,1692.5000000000002,61089.0,9.0,True,-0.9095013035982,0.12316822886568592,72.66666666666667,16.08311744241976,A13,d916f34
0.3,8307400.0,False,2697.0,1685.6250000000002,61931.0,17.0,True,-0.5805062141628686,0.2627203934487797,72.5,19.491023574969066,A13,d916f34
0.3,8307600.0,False,2708.0,1692.5000000000002,59869.0,0.0,True,-0.6296099856892046,0.23463349748005607,75.16666666666667,12.875040453010882,A13,d916f34
0.3,8307800.0,False,2763.0,1726.8750000000002,64337.0,1.0,True,-0.7276699208938346,0.18721044651354213,73.66666666666667,9.201449161228174,A13,d916f34
0.3,8308000.0,False,2653.0,1658.1250000000002,60616.0,2.0,True,-0.9395084428989351,0.1149453897251918,75.33333333333333,13.880441875771343,A13,d916f34
0.3,8308200.0,False,2620.0,1637.5000000000002,56881.0,7.0,True,-0.8955671790784786,0.12718409994511148,82.33333333333333,9.791152468768255,A13,d916f34
0.3,8308400.0,False,2765.0,1728.1250000000002,63420.0,10.0,True,-0.7475859668544942,0.1788191528716306,80.66666666666667,8.016649341630622,A13,d916f34
0.3,8308600.0,False,2699.0,1686.8750000000002,62250.0,4.0,True,-0.7611290096616246,0.1733289037842497,66.33333333333333,14.868310820892422,A13,d916f34
0.3,8308800.0,False,2689.0,1680.6250000000002,59309.0,3.0,True,-0.8685598199976445,0.13534436536437006,83.0,7.615773105863909,A13,d916f34
0.3,8309000.0,False,2715.0,1696.8750000000002,61099.0,4.0,True,-0.6835663959726183,0.20722092310919987,78.5,9.396807968666806,A13,d916f34
0.3,8309200.0,False,2679.0,1674.3750000000002,62840.0,0.0,True,-0.7524175035571041,0.17684081039338784,81.33333333333333,13.793718377097115,A13,d916f34
0.3,8309400.0,False,2688.0,1680.0000000000002,62101.0,4.0,True,-0.9022001343869849,0.125256382737355,82.16666666666667,9.347013783378447,A13,d916f34
0.3,8309600.0,False,2682.0,1676.2500000000002,61118.0,10.0,True,-0.7089836750610797,0.19544129199183197,76.83333333333333,10.18659249536697,A13,d916f34
0.3,8309800.0,False,2694.0,1683.7500000000002,60508.0,10.0,True,-0.6584054801152525,0.2195808793135119,73.66666666666667,12.847827313077751,A13,d916f34
0.3,8310000.0,False,2664.0,1665.0000000000002,59814.0,7.0,True,-0.6593651373316862,0.21909620879668906,71.0,11.696153213770756,A13,d916f34
0.3,8310200.0,False,2761.0,1725.6250000000002,65247.0,3.0,True,-0.6497094006044511,0.22402196349655545,78.83333333333333,11.089033621856625,A13,d916f34
0.3,8310400.0,False,2770.0,1731.2500000000002,63637.0,8.0,True,-1.031103050023434,0.09308869670528597,77.5,10.193134944657606,A13,d916f34
0.3,8310600.0,False,2698.0,1686.2500000000002,61906.0,8.0,True,-0.7444062209844028,0.18013320615807143,73.5,5.089204259999788,A13,d916f34
0.3,8310800.0,False,2773.0,1733.1250000000002,64283.0,4.0,True,-0.8651424219568429,0.13641357103717272,72.83333333333333,9.579491983746667,A13,d916f34
0.3,8311000.0,False,2764.0,1727.5000000000002,62652.0,5.0,True,-0.5925177105194934,0.25555376841681865,77.83333333333333,13.014094923069628,A13,d916f34
0.3,8311200.0,False,2665.0,1665.6250000000002,61215.0,6.0,True,-0.6836127818357434,0.20719879156373483,76.16666666666667,12.983322635853531,A13,d916f34
0.3,8311400.0,False,2609.0,1630.6250000000002,55838.0,8.0,True,-0.816504221196438,0.15257935645346477,74.16666666666667,11.565754046609614,A13,d916f34
0.3,8311600.0,False,2744.0,1715.0000000000002,63329.0,5.0,True,-0.8349832156022611,0.1462233685046948,72.33333333333333,15.667375870472586,A13,d916f34
0.3,8311800.0,False,2691.0,1681.8750000000002,59124.0,4.0,True,-0.8660512468475066,0.13612840411622334,73.0,7.974960814950754,A13,d916f34
0.3,8312000.0,False,2757.0,1723.1250000000002,64103.0,22.0,True,-0.758970787493161,0.17419240387221646,76.16666666666667,14.441837371562757,A13,d916f34
0.3,8312200.0,False,2732.0,1707.5000000000002,63293.0,2.0,True,-0.836258366860973,0.1457946652729688,77.66666666666667,13.396516960264957,A13,d916f34
0.3,8312400.0,False,2752.0,1720.0000000000002,63507.0,3.0,True,-0.7464963119934822,0.17926837756797825,79.83333333333333,7.1949056051255225,A13,d916f34
0.3,8312600.0,False,2758.0,1723.7500000000002,64000.0,1.0,True,-0.8860732039542287,0.1299950442084732,76.66666666666667,12.307179476495282,A13,d916f34
0.3,8312800.0,False,2766.0,1728.7500000000002,63950.0,0.0,True,-0.9687217012265898,0.10746778524074913,78.16666666666667,7.704976746666187,A13,d916f34
0.3,8313000.0,False,2720.0,1700.0000000000002,63884.0,3.0,True,-0.6748281538565654,0.21143254925701555,80.66666666666667,9.647106647418525,A13,d916f34
0.3,8313200.0,False,2816.0,1760.0000000000002,67208.0,0.0,True,-0.7886931842021457,0.16266975620891597,79.83333333333333,21.34869238774747,A13,d916f34
0.3,8313400.0,False,2716.0,1697.5000000000002,58568.0,8.0,True,-0.6565540168587566,0.22051898413204438,67.33333333333333,10.462631918722298,A13,d916f34
0.3,8313600.0,False,2721.0,1700.6250000000002,62513.0,4.0,True,-0.8106734361892486,0.1546416816613761,74.5,10.074720839804943,A13,d916f34
0.3,8313800.0,False,2690.0,1681.2500000000002,60262.0,4.0,True,-0.6443015064782665,0.22682895579807144,70.0,9.979979959899719,A13,d916f34
0.3,8314000.0,False,2771.0,1731.8750000000002,64802.0,7.0,True,-0.6834502118307759,0.20727636706908747,65.66666666666667,11.604596790352806,A13,d916f34
0.3,8314200.0,False,2667.0,1666.8750000000002,58265.0,3.0,True,-0.6641555576079506,0.21669278055662916,76.66666666666667,6.153589738247641,A13,d916f34
0.3,8314400.0,False,2761.0,1725.6250000000002,62669.0,12.0,True,-0.7132268145919112,0.19354109124476357,66.5,9.22496612459905,A13,d916f34
0.3,8314600.0,False,2761.0,1725.6250000000002,66066.0,7.0,True,-0.9202643959919264,0.12015327256717112,71.66666666666667,9.993331109628393,A13,d916f34
0.3,8314800.0,False,2740.0,1712.5000000000002,62710.0,12.0,True,-0.5625086989885123,0.2738364783826788,73.5,14.501724035437993,A13,d916f34
0.3,8315000.0,False,2771.0,1731.8750000000002,62761.0,10.0,True,-0.7366219522785546,0.1833910122760956,75.0,13.579396157414365,A13,d916f34
0.3,8315200.0,False,2727.0,1704.3750000000002,62459.0,5.0,True,-0.6510504450706642,0.2233312799398124,73.0,13.957077057894322,A13,d916f34
0.3,8315400.0,False,2706.0,1691.2500000000002,61142.0,9.0,True,-0.5923721749982687,0.2556394208596331,66.16666666666667,6.177917664283546,A13,d916f34
0.3,8315600.0,False,2728.0,1705.0000000000002,62725.0,8.0,True,-0.7867935908241376,0.16338282806259427,77.0,17.099707599839242,A13,d916f34
0.3,8315800.0,False,2712.0,1695.0000000000002,62147.0,1.0,True,-0.983923240629485,0.10377118099660176,68.0,5.019960159204453,A13,d916f34
0.3,8316000.0,False,2710.0,1693.7500000000002,61311.0,8.0,True,-0.767969163044281,0.17062035331970105,72.16666666666667,14.552204873030982,A13,d916f34
0.3,8316200.0,False,2873.0,1795.6250000000002,66133.0,5.0,True,-0.7695785462263668,0.16998924843551538,88.33333333333333,11.039323650779819,A13,d916f34
0.3,8316400.0,False,2688.0,1680.0000000000002,60727.0,0.0,True,-0.611879733595367,0.24441072900514468,72.66666666666667,12.077527340754258,A13,d916f34
0.3,8316600.0,False,2722.0,1701.2500000000002,59761.0,11.0,True,-0.7006322860776266,0.19923595411113393,77.33333333333333,16.25628083746915,A13,d916f34
0.3,8316800.0,False,2694.0,1683.7500000000002,63533.0,4.0,True,-0.7867385440190449,0.16340353814081637,71.5,15.359036428109675,A13,d916f34
0.3,8317000.0,False,2800.0,1750.0000000000002,65378.0,3.0,True,-0.8754625670584042,0.1332101854598579,84.66666666666667,7.7631608682718065,A13,d916f34
0.3,8317200.0,False,2814.0,1758.7500000000002,67484.0,7.0,True,-0.7662075593169557,0.17131383636204156,73.83333333333333,10.684880283216403,A13,d916f34
0.3,8317400.0,False,2711.0,1694.3750000000002,62099.0,9.0,True,-0.698642946451525,0.20015067244885454,77.16666666666667,17.47474367956986,A13,d916f34
0.3,8317600.0,False,2774.0,1733.7500000000002,63929.0,12.0,True,-0.7222991886644745,0.18953997165231923,75.0,17.977764043395386,A13,d916f34
0.3,8317800.0,False,2709.0,1693.1250000000002,61703.0,1.0,True,-0.659211977372957,0.21917348973282852,70.16666666666667,11.822295321411435,A13,d916f34
0.3,8318000.0,False,2815.0,1759.3750000000002,68854.0,4.0,True,-0.7835130129791792,0.16462166391904043,84.16666666666667,10.087946603083635,A13,d916f34
0.3,8318200.0,False,2726.0,1703.7500000000002,62621.0,10.0,True,-0.7456183476511034,0.1796311508638368,73.5,11.273863579093016,A13,d916f34
0.3,8318400.0,False,2738.0,1711.2500000000002,62685.0,5.0,True,-0.9251314405414763,0.1188142578062269,78.83333333333333,7.1110243050257305,A13,d916f34
0.3,8318600.0,False,2733.0,1708.1250000000002,63706.0,3.0,True,-0.6588942897459494,0.21933387440674423,70.16666666666667,7.884584115009914,A13,d916f34
0.3,8318800.0,False,2749.0,1718.1250000000002,63888.0,10.0,True,-0.7820617753327409,0.16517268350038875,74.0,17.988885457415087,A13,d916f34
0.3,8319000.0,False,2745.0,1715.6250000000002,62871.0,4.0,True,-1.0279153062317525,0.09377448630425855,93.5,13.9534941860453,A13,d916f34
0.3,8319200.0,False,2688.0,1680.0000000000002,60773.0,9.0,True,-0.6741049272535395,0.21178493926953817,72.5,11.148990985734986,A13,d916f34
0.3,8319400.0,False,2801.0,1750.6250000000002,66874.0,0.0,True,-0.8411336949015776,0.14416714734550828,85.33333333333333,14.948801512718893,A13,d916f34
0.3,8319600.0,False,2783.0,1739.3750000000002,64148.0,3.0,True,-0.7797959600496329,0.16603667966656915,76.33333333333333,10.366613075960087,A13,d916f34
0.3,8319800.0,False,2638.0,1648.7500000000002,58417.0,1.0,True,-0.7875216909115788,0.16310914420546138,71.0,14.449913494550755,A13,d916f34
0.3,8320000.0,False,2654.0,1658.7500000000002,60766.0,0.0,True,-0.8598555068932567,0.13808436054491477,79.0,9.273618495495704,A13,d916f34
0.3,8320200.0,False,2775.0,1734.3750000000002,61964.0,5.0,True,-0.6645624237931967,0.21648986828592026,74.66666666666667,13.500617269838688,A13,d916f34
0.3,8320400.0,False,2747.0,1716.8750000000002,62306.0,3.0,True,-0.8654418161389961,0.13631956257787448,78.16666666666667,5.980523945831725,A13,d916f34
0.3,8320600.0,False,2674.0,1671.2500000000002,60460.0,10.0,True,-0.59397084761692,0.25470012164499556,69.16666666666667,14.048724734532552,A13,d916f34
0.3,8320800.0,False,2742.0,1713.7500000000002,62533.0,5.0,True,-0.979948000135246,0.10472539325654895,81.83333333333333,11.478966271693052,A13,d916f34
0.3,8321000.0,False,2708.0,1692.5000000000002,60661.0,14.0,True,-0.955365815567478,0.11082409268711327,77.83333333333333,13.04479461956633,A13,d916f34
0.3,8321200.0,False,2694.0,1683.7500000000002,59426.0,4.0,True,-0.8277740773519852,0.14867088361969288,66.5,7.556454194925025,A13,d916f34
0.3,8321400.0,False,2692.0,1682.5000000000002,60309.0,2.0,True,-0.6782395324117976,0.20977825456172566,71.0,11.135528725660043,A13,d916f34
0.3,8321600.0,False,2813.0,1758.1250000000002,67730.0,7.0,True,-0.7672126261321919,0.17091783140088296,80.66666666666667,9.201449161228174,A13,d916f34
0.3,8321800.0,False,2811.0,1756.8750000000002,67661.0,1.0,True,-0.7599264001538202,0.17380953586533665,86.33333333333333,15.357951252255837,A13,d916f34
0.3,8322000.0,False,2694.0,1683.7500000000002,59808.0,1.0,True,-0.6253823356989531,0.23692869606443756,74.33333333333333,11.792653080060767,A13,d916f34
0.3,8322200.0,False,2727.0,1704.3750000000002,62688.0,5.0,True,-0.6402569357221349,0.2289512738811603,70.16666666666667,11.089033621856625,A13,d916f34
0.3,8322400.0,False,2698.0,1686.2500000000002,59182.0,16.0,True,-0.8308576971785839,0.14761901489331875,69.0,8.648699324175862,A13,d916f34
0.3,8322600.0,False,2675.0,1671.8750000000002,61277.0,8.0,True,-0.6913242361994235,0.2035521827465143,74.83333333333333,5.980523945831725,A13,d916f34
0.3,8322800.0,False,2719.0,1699.3750000000002,61571.0,8.0,True,-0.7973988083225911,0.15944143398793065,75.33333333333333,16.729215960907034,A13,d916f34
0.3,8323000.0,False,2705.0,1690.6250000000002,60276.0,7.0,True,-0.6569616803162128,0.22031208453752862,70.16666666666667,17.10458028326526,A13,d916f34
0.3,8323200.0,False,2786.0,1741.2500000000002,66272.0,5.0,True,-0.7839001458015674,0.16447498452150972,79.66666666666667,8.358628276617322,A13,d916f34
0.3,8323400.0,False,2635.0,1646.8750000000002,59476.0,5.0,True,-0.6348665247414581,0.23181069831892176,72.0,6.06630035524124,A13,d916f34
0.3,8323600.0,False,2734.0,1708.7500000000002,64197.0,1.0,True,-0.6598759025065772,0.21883868553029948,77.66666666666667,14.250146198080449,A13,d916f34
0.3,8323800.0,False,2811.0,1756.8750000000002,67870.0,6.0,True,-0.8534078126434342,0.14014970480711875,78.5,16.046806535881213,A13,d916f34
0.3,8324000.0,False,2731.0,1706.8750000000002,62318.0,9.0,True,-0.9121733265146931,0.12241275536200819,75.83333333333333,14.972196454317139,A13,d916f34
0.3,8324200.0,False,2672.0,1670.0000000000002,61004.0,2.0,True,-0.8620836954503566,0.13737772007956084,71.16666666666667,2.2286019533929036,A13,d916f34
0.3,8324400.0,False,2691.0,1681.8750000000002,61106.0,3.0,True,-0.565504101854237,0.2719542800253711,77.33333333333333,11.32548748031036,A13,d916f34
0.3,8324600.0,False,2792.0,1745.0000000000002,63109.0,4.0,True,-0.7342953886874002,0.18437609446102465,76.83333333333333,8.908797150382686,A13,d916f34
0.3,8324800.0,False,2770.0,1731.2500000000002,61448.0,7.0,True,-0.9952836247576109,0.10109190375978909,82.33333333333333,16.883917396939214,A13,d916f34
0.3,8325000.0,False,2835.0,1771.8750000000002,67508.0,16.0,True,-0.9754495561741977,0.10581578151600733,84.33333333333333,10.557777543908882,A13,d916f34
0.3,8325200.0,False,2732.0,1707.5000000000002,62872.0,16.0,True,-0.7398907207298563,0.18201587981201414,73.33333333333333,15.383974345619102,A13,d916f34
0.3,8325400.0,False,2682.0,1676.2500000000002,62248.0,6.0,True,-0.7475936276310446,0.1788159986029303,78.5,15.732132722552274,A13,d916f34
0.3,8325600.0,False,2711.0,1694.3750000000002,61695.0,3.0,True,-0.7464243804729304,0.1792980719699911,75.0,12.049896265113654,A13,d916f34
0.3,8325800.0,False,2810.0,1756.2500000000002,68071.0,6.0,True,-0.6413318380096646,0.22838530780588473,82.33333333333333,16.09554803871762,A13,d916f34
0.3,8326000.0,False,2743.0,1714.3750000000002,65563.0,6.0,True,-0.9445964524577742,0.11360659607680801,83.0,6.54217089351845,A13,d916f34
0.3,8326200.0,False,2719.0,1699.3750000000002,60522.0,5.0,True,-0.6239102215135337,0.2377331684029393,81.83333333333333,11.478966271693054,A13,d916f34
0.3,8326400.0,False,2699.0,1686.8750000000002,63536.0,2.0,True,-0.6628559603358221,0.21734219042352526,70.0,10.770329614269007,A13,d916f34
0.3,8326600.0,False,2791.0,1744.3750000000002,67044.0,8.0,True,-0.6589841420333551,0.21928850055881427,76.0,15.414279094398154,A13,d916f34
0.3,8326800.0,False,2674.0,1671.2500000000002,58750.0,8.0,True,-0.849845137558023,0.14130413226546912,75.16666666666667,5.419102016632153,A13,d916f34
0.3,8327000.0,False,2694.0,1683.7500000000002,59757.0,2.0,True,-0.6287203860770568,0.2351146083438188,78.0,14.51895313030523,A13,d916f34
0.3,8327200.0,False,2689.0,1680.6250000000002,57094.0,13.0,True,-0.6352214505983617,0.2316213291153597,75.83333333333333,13.347908700117284,A13,d916f34
0.3,8327400.0,False,2768.0,1730.0000000000002,65569.0,5.0,True,-0.7560930978301893,0.17535045703572316,83.83333333333333,14.932068398807536,A13,d916f34
0.3,8327600.0,False,2736.0,1710.0000000000002,63159.0,4.0,True,-0.7821791970365166,0.16512803122634268,69.83333333333333,9.32559202767667,A13,d916f34
0.3,8327800.0,False,2660.0,1662.5000000000002,60095.0,7.0,True,-0.6834916083253729,0.20725661064473228,70.83333333333333,10.925505327748764,A13,d916f34
0.3,8328000.0,False,2691.0,1681.8750000000002,63016.0,9.0,True,-0.9078163108525593,0.12364703002063107,79.5,6.8044103344816,A13,d916f34
0.3,8328200.0,False,2651.0,1656.8750000000002,59167.0,2.0,True,-0.6826196383097357,0.20767315541807796,74.16666666666667,17.057745063948712,A13,d916f34
0.3,8328400.0,False,2768.0,1730.0000000000002,63238.0,6.0,True,-0.7990913454969147,0.15882126634572868,76.5,10.329569206893384,A13,d916f34
0.3,8328600.0,False,2772.0,1732.5000000000002,64829.0,3.0,True,-0.5884062955845004,0.25798455380213314,68.0,9.402127418834526,A13,d916f34
0.3,8328800.0,False,2734.0,1708.7500000000002,60555.0,1.0,True,-0.8409258624840326,0.14423615530781514,74.66666666666667,9.953223933312596,A13,d916f34
0.3,8329000.0,False,2776.0,1735.0000000000002,62899.0,8.0,True,-0.8566027507158271,0.13912246029219794,70.66666666666667,12.832251036613439,A13,d916f34
0.6,8344000.0,False,2151.0,436.921875,29428.0,28.0,True,-0.677302696907844,0.21023126478121318,71.16666666666667,19.20850506069295,A13,d916f34
0.6,8344200.0,False,2155.0,437.734375,31836.0,29.0,True,-0.7847253227397086,0.16416277215463998,74.66666666666667,9.542885657214313,A13,d916f34
0.6,8344400.0,False,2130.0,432.65625,28842.0,5.0,True,-0.709801377474763,0.19507365559050938,75.66666666666667,10.191499726078918,A13,d916f34
0.6,8344600.0,False,2167.0,440.171875,30392.0,13.0,True,-0.7451288051262953,0.17983374765322718,77.16666666666667,13.242608000944022,A13,d916f34
0.6,8344800.0,False,2188.0,444.4375,30945.0,5.0,True,-0.6600073508712984,0.21877245941950924,77.5,9.354143466934854,A13,d916f34
0.6,8345000.0,False,2166.0,439.96875,30781.0,8.0,True,-0.8647227681562413,0.13654544961989418,70.66666666666667,6.592925501373929,A13,d916f34
0.6,8345200.0,False,2138.0,434.28125,31503.0,8.0,True,-0.7755290390004577,0.16767602158147443,74.66666666666667,7.447594690010103,A13,d916f34
0.6,8345400.0,False,2110.0,428.59375,30895.0,21.0,True,-0.61731884529609,0.2413688130178034,74.0,14.505171491574997,A13,d916f34
0.6,8345600.0,False,2135.0,433.671875,29114.0,16.0,True,-0.7055465002510581,0.19699422726591415,71.83333333333333,3.371448748930742,A13,d916f34
0.6,8345800.0,False,2159.0,438.546875,31786.0,23.0,True,-0.6634931531937186,0.21702354178284478,81.5,14.652644812456213,A13,d916f34
0.6,8346000.0,False,2119.0,430.421875,29037.0,4.0,True,-0.7816004608228889,0.16534822576867947,79.33333333333333,13.03329070751768,A13,d916f34
0.6,8346200.0,False,2170.0,440.78125,28887.0,5.0,True,-0.8051480059979746,0.1566217217949152,79.66666666666667,11.236844159579087,A13,d916f34
0.6,8346400.0,False,2128.0,432.25,29766.0,7.0,True,-0.9133380453729889,0.12208490079314169,81.0,6.0332412515993425,A13,d916f34
0.6,8346600.0,False,2099.0,426.359375,28657.0,16.0,True,-0.8598794743455827,0.13807674027998806,77.16666666666667,15.791347841988241,A13,d916f34
0.6,8346800.0,False,2234.0,453.78125,34173.0,20.0,True,-0.7447727433095289,0.17998124707917706,79.5,8.780660567406077,A13,d916f34
0.6,8347000.0,False,2108.0,428.1875,28945.0,22.0,True,-0.7230986572342547,0.1891913790056769,80.16666666666667,8.750238091998792,A13,d916f34
0.6,8347200.0,False,2173.0,441.390625,31882.0,1.0,True,-0.6528596976123026,0.22240282651446674,74.83333333333333,4.875106836436169,A13,d916f34
0.6,8347400.0,False,2107.0,427.984375,28218.0,12.0,True,-0.6557653457515505,0.2209198065447583,67.83333333333333,16.738179909018385,A13,d916f34
0.6,8347600.0,False,2106.0,427.78125,29171.0,11.0,True,-0.8626592193606376,0.1371957886909685,80.33333333333333,14.165686240583852,A13,d916f34
0.6,8347800.0,False,2044.0,415.1875,25924.0,7.0,True,-0.6596276070905123,0.2189638360454656,71.83333333333333,7.9603182515943836,A13,d916f34
0.6,8348000.0,False,2209.0,448.703125,33498.0,6.0,True,-0.7262687321186448,0.18781542955387534,78.16666666666667,15.3286224647444,A13,d916f34
0.6,8348200.0,False,2093.0,425.140625,28743.0,14.0,True,-0.6844804880576035,0.20678522841090255,78.16666666666667,15.791347841988243,A13,d916f34
0.6,8348400.0,False,2147.0,436.109375,31274.0,7.0,True,-0.7985560810444102,0.15901713295506859,74.83333333333333,8.232051182218601,A13,d916f34
0.6,8348600.0,False,2102.0,426.96875,28082.0,4.0,True,-0.9549508048008186,0.11093004654119457,73.83333333333333,10.14724921674178,A13,d916f34
0.6,8348800.0,False,2150.0,436.71875,30326.0,52.0,True,-0.8054993654785461,0.1564950605678071,82.83333333333333,6.306081720582652,A13,d916f34
0.6,8349000.0,False,2128.0,432.25,29283.0,3.0,True,-0.6848681438512848,0.20660073210867058,76.5,15.668439615992398,A13,d916f34
0.6,8349200.0,False,2094.0,425.34375,28912.0,11.0,True,-0.7732853178512822,0.1685445376841342,76.66666666666667,13.53021310499826,A13,d916f34
0.6,8349400.0,False,2110.0,428.59375,28845.0,3.0,True,-1.1353718627769707,0.07321973238540978,76.83333333333333,7.139094246938239,A13,d916f34
0.6,8349600.0,False,2066.0,419.65625,28130.0,17.0,True,-0.7742634524698341,0.1681653623961886,72.0,4.774934554525329,A13,d916f34
0.6,8349800.0,False,2175.0,441.796875,30220.0,3.0,True,-0.5782673016595671,0.26407828952504625,72.0,11.882760622010357,A13,d916f34
0.6,8350000.0,False,2080.0,422.5,27428.0,0.0,True,-0.8712901063602826,0.13449616268391096,72.0,15.244671200127604,A13,d916f34
0.6,8350200.0,False,2172.0,441.1875,31314.0,3.0,True,-0.6707633030351124,0.21342077712715307,74.33333333333333,9.373722135132162,A13,d916f34
0.6,8350400.0,False,2087.0,423.921875,28535.0,35.0,True,-0.7526402289998668,0.17675014184595061,74.33333333333333,9.4798030921885,A13,d916f34
0.6,8350600.0,False,2104.0,427.375,29113.0,12.0,True,-0.7639041035652961,0.17222488222508436,77.66666666666667,14.948801512718894,A13,d916f34
0.6,8350800.0,False,2138.0,434.28125,29550.0,3.0,True,-0.6799539092013246,0.20895178754109123,70.33333333333333,3.204163957519444,A13,d916f34
0.6,8351000.0,False,2109.0,428.390625,30767.0,9.0,True,-0.6655623419919197,0.21599199608883807,75.16666666666667,6.337717780610515,A13,d916f34
0.6,8351200.0,False,2179.0,442.609375,30708.0,18.0,True,-0.9847082622855609,0.1035837757980092,76.5,15.655669899432601,A13,d916f34
0.6,8351400.0,False,2188.0,444.4375,31708.0,7.0,True,-1.1586831741336059,0.06939318575467851,76.16666666666667,7.467708260682568,A13,d916f34
0.6,8351600.0,False,2118.0,430.21875,30165.0,17.0,True,-0.7249597284762032,0.1883823765750906,71.83333333333333,8.70440501508671,A13,d916f34
0.6,8351800.0,False,2173.0,441.390625,31587.0,28.0,True,-0.9203518793082601,0.12012907159625315,76.0,11.541230437002806,A13,d916f34
0.6,8352000.0,False,2094.0,425.34375,28850.0,8.0,True,-0.8634705366151088,0.1369397287823413,69.33333333333333,13.366625103842281,A13,d916f34
0.6,8352200.0,False,2195.0,445.859375,32210.0,8.0,True,-0.7337729385035515,0.18459802978812906,72.83333333333333,14.634434279010128,A13,d916f34
0.6,8352400.0,False,2084.0,423.3125,29524.0,11.0,True,-0.6873078459278885,0.20544338118998254,73.33333333333333,6.97614984548545,A13,d916f34
0.6,8352600.0,False,2166.0,439.96875,29054.0,14.0,True,-0.6816970625522776,0.2081147863240932,71.66666666666667,12.628011192055013,A13,d916f34
0.6,8352800.0,False,2129.0,432.453125,28872.0,8.0,True,-0.765265378956973,0.17168589667902395,71.5,10.21273714534943,A13,d916f34
0.6,8353000.0,False,2097.0,425.953125,27972.0,16.0,True,-0.697534569142102,0.20066213598289864,73.83333333333333,14.400231479620968,A13,d916f34
0.6,8353200.0,False,2104.0,427.375,29650.0,3.0,True,-0.775886961106064,0.16753788896996133,68.0,6.0,A13,d916f34
0.6,8353400.0,False,2126.0,431.84375,31441.0,23.0,True,-0.8261442682230324,0.14922986007693356,82.16666666666667,15.445603473696542,A13,d916f34
0.6,8353600.0,False,2175.0,441.796875,30588.0,10.0,True,-0.7394711282675869,0.18219181894960562,86.33333333333333,8.430104783848577,A13,d916f34
0.6,8353800.0,False,2117.0,430.015625,26997.0,6.0,True,-0.5790479480639205,0.2636040339050951,64.16666666666667,7.277820186475251,A13,d916f34
0.6,8354000.0,False,2048.0,416.0,26460.0,9.0,True,-0.5944297245617394,0.25443114680306556,73.33333333333333,11.201190412927845,A13,d916f34
0.6,8354200.0,False,2215.0,449.921875,31682.0,5.0,True,-0.7648685129699816,0.17184285799729782,73.83333333333333,13.014094923069628,A13,d916f34
0.6,8354400.0,False,2169.0,440.578125,34269.0,10.0,True,-0.8089357697857822,0.1552616618042136,78.66666666666667,8.57126983980009,A13,d916f34
0.6,8354600.0,False,2197.0,446.265625,31257.0,13.0,True,-0.7189730922217449,0.1909971591868063,83.5,9.792854537876073,A13,d916f34
0.6,8354800.0,False,2198.0,446.46875,31909.0,6.0,True,-0.5962778414091549,0.2533507291800556,75.83333333333333,14.784000360750357,A13,d916f34
0.6,8355000.0,False,2175.0,441.796875,32171.0,6.0,True,-0.7198211674305102,0.19062455048264637,72.66666666666667,6.250333324444918,A13,d916f34
0.6,8355200.0,False,2132.0,433.0625,32716.0,22.0,True,-0.6697154545090588,0.2139363320309699,68.33333333333333,10.538817137927134,A13,d916f34
0.6,8355400.0,False,2113.0,429.203125,30058.0,12.0,True,-0.67496057372602,0.21136809160492986,74.0,10.198039027185569,A13,d916f34
0.6,8355600.0,False,2147.0,436.109375,30822.0,11.0,True,-0.748760833369137,0.17833605964652494,82.83333333333333,13.775582262346179,A13,d916f34
0.6,8355800.0,False,2170.0,440.78125,32685.0,0.0,True,-0.641427644217647,0.22833493111927455,69.16666666666667,15.091940453986249,A13,d916f34
0.6,8356000.0,False,2159.0,438.546875,31300.0,5.0,True,-0.6564123659605507,0.22059092105080153,72.33333333333333,11.944315244779279,A13,d916f34
0.6,8356200.0,False,2147.0,436.109375,29865.0,3.0,True,-0.7240171948702693,0.18879165999916764,82.33333333333333,8.140434058861153,A13,d916f34
0.6,8356400.0,False,2119.0,430.421875,29070.0,6.0,True,-0.6948811580934864,0.20189187522995622,75.16666666666667,12.28684933848652,A13,d916f34
0.6,8356600.0,False,2184.0,443.625,30437.0,11.0,True,-0.7308362757050434,0.18585049591929959,76.16666666666667,12.624051119457125,A13,d916f34
0.6,8356800.0,False,2116.0,429.8125,29112.0,11.0,True,-0.6260721734435707,0.2365526548617773,76.33333333333333,8.524474568362947,A13,d916f34
0.6,8357000.0,False,2148.0,436.3125,30611.0,13.0,True,-0.7229874074670227,0.18923984886603443,82.0,19.390719429665317,A13,d916f34
0.6,8357200.0,False,2168.0,440.375,32219.0,14.0,True,-0.6539624147107354,0.22183883982049374,66.83333333333333,12.544587146122693,A13,d916f34
0.6,8357400.0,False,2164.0,439.5625,32379.0,5.0,True,-0.694525867638128,0.2020571078268551,80.33333333333333,7.840068026915754,A13,d916f34
0.6,8357600.0,False,2109.0,428.390625,29704.0,7.0,True,-1.0009501435195685,0.09978146051557743,84.83333333333333,9.474527252938096,A13,d916f34
0.6,8357800.0,False,2115.0,429.609375,29445.0,5.0,True,-0.6334315075837594,0.2325779254705732,75.33333333333333,17.431771759252317,A13,d916f34
0.6,8358000.0,False,2161.0,438.953125,32977.0,7.0,True,-0.6205263414337016,0.23959274242117384,80.66666666666667,11.860297916438132,A13,d916f34
0.6,8358200.0,False,2158.0,438.34375,29796.0,8.0,True,-0.7484533599389531,0.17846236338166505,75.5,7.476630257007497,A13,d916f34
0.6,8358400.0,False,2185.0,443.828125,30419.0,33.0,True,-0.7732340560000966,0.16856443297475754,86.83333333333333,10.759491933482114,A13,d916f34
0.6,8358600.0,False,2192.0,445.25,30940.0,5.0,True,-0.7977210720818421,0.15932316599481372,77.66666666666667,9.395034149308168,A13,d916f34
0.6,8358800.0,False,2130.0,432.65625,30792.0,9.0,True,-0.7840884598057045,0.16440368214466,73.66666666666667,9.157874571463985,A13,d916f34
0.6,8359000.0,False,2130.0,432.65625,30915.0,5.0,True,-0.8727271836654441,0.13405185136948466,77.5,10.445094542415593,A13,d916f34
0.6,8359200.0,False,2205.0,447.890625,31371.0,9.0,True,-0.7793364692679663,0.16621244219733297,70.83333333333333,19.343388189938874,A13,d916f34
0.6,8359400.0,False,2117.0,430.015625,30747.0,20.0,True,-0.8619388772427709,0.1374235371769541,80.0,8.740709353364863,A13,d916f34
0.6,8359600.0,False,2044.0,415.1875,27072.0,10.0,True,-0.7139235401589998,0.19323084802023255,69.66666666666667,9.993331109628393,A13,d916f34
0.6,8359800.0,False,2148.0,436.3125,30910.0,7.0,True,-0.7003088478495051,0.1993843891672265,70.5,11.979148550710939,A13,d916f34
0.6,8360000.0,False,2150.0,436.71875,29112.0,2.0,True,-0.6160466809805578,0.24207688317417092,69.66666666666667,13.246383154154445,A13,d916f34
0.6,8360200.0,False,2128.0,432.25,27826.0,10.0,True,-0.6134010938953599,0.24355604106473855,78.83333333333333,14.878395970892383,A13,d916f34
0.6,8360400.0,False,2124.0,431.4375,28901.0,7.0,True,-0.7835814962865703,0.16459570699890466,69.66666666666667,7.474400756359447,A13,d916f34
0.6,8360600.0,False,2188.0,444.4375,31457.0,8.0,True,-0.6904656813269077,0.20395498218638,77.0,13.175735273600482,A13,d916f34
0.6,8360800.0,False,2239.0,454.796875,32985.0,14.0,True,-0.8503409682495353,0.1411428984745841,78.66666666666667,14.13742079258684,A13,d916f34
0.6,8361000.0,False,2158.0,438.34375,31357.0,9.0,True,-0.6713209746074867,0.2131469023189913,72.33333333333333,14.472963299430655,A13,d916f34
0.6,8361200.0,False,2194.0,445.65625,30384.0,19.0,True,-0.7517130714435999,0.17712788157379533,76.0,10.507140429250958,A13,d916f34
0.6,8361400.0,False,2157.0,438.140625,31485.0,6.0,True,-0.6416992580313705,0.22819217192171357,68.83333333333333,13.467244212037837,A13,d916f34
0.6,8361600.0,False,2108.0,428.1875,28410.0,4.0,True,-0.6029506709674811,0.24948780898186315,68.16666666666667,12.998717885494194,A13,d916f34
0.6,8361800.0,False,2165.0,439.765625,30172.0,5.0,True,-0.9614078325018108,0.10929295479205123,80.66666666666667,12.878923350446135,A13,d916f34
0.6,8362000.0,False,2155.0,437.734375,30219.0,3.0,True,-0.8471236987794679,0.14219237272189933,69.5,14.761436244485155,A13,d916f34
0.6,8362200.0,False,2131.0,432.859375,28977.0,5.0,True,-0.541153820453512,0.2876379464748441,68.16666666666667,12.781497043252276,A13,d916f34
0.6,8362400.0,False,2211.0,449.109375,31953.0,13.0,True,-0.7534241809434928,0.17643137511849732,82.83333333333333,15.638627390748418,A13,d916f34
0.6,8362600.0,False,2159.0,438.546875,30798.0,6.0,True,-0.980705311042571,0.10454293509272003,73.5,4.230839160261236,A13,d916f34
0.6,8362800.0,False,2154.0,437.53125,30143.0,6.0,True,-0.7564114669905955,0.17522195961565068,76.33333333333333,3.011090610836324,A13,d916f34
0.6,8363000.0,False,2143.0,435.296875,30319.0,4.0,True,-0.6997458647663434,0.1996430220305536,73.33333333333333,13.048627003124377,A13,d916f34
0.6,8363200.0,False,2132.0,433.0625,29786.0,10.0,True,-0.7728125262882535,0.16872812239338209,74.0,8.67179335547152,A13,d916f34
0.6,8363400.0,False,2171.0,440.984375,32783.0,15.0,True,-0.9144618581812929,0.1217693931854778,74.0,17.62952069683121,A13,d916f34
0.6,8363600.0,False,2074.0,421.28125,28382.0,5.0,True,-0.7539816963615239,0.17620503076641245,66.83333333333333,11.839200423452029,A13,d916f34
0.6,8363800.0,False,2198.0,446.46875,32158.0,8.0,True,-0.8033499352465172,0.15727151296404374,77.66666666666667,11.093541664710449,A13,d916f34
0.6,8364000.0,False,2209.0,448.703125,31528.0,29.0,True,-0.9770321915409791,0.10543087441639995,79.66666666666667,20.48088539752778,A13,d916f34
0.6,8364200.0,False,2132.0,433.0625,27977.0,13.0,True,-0.8031843270140275,0.15733149628162754,72.66666666666667,11.448435118681795,A13,d916f34
0.6,8364400.0,False,2155.0,437.734375,32147.0,30.0,True,-0.7136773926323488,0.19334039759707602,78.33333333333333,13.201010062365178,A13,d916f34
0.6,8364600.0,False,2168.0,440.375,30757.0,9.0,True,-0.6661210698261991,0.21571429708618844,67.66666666666667,12.07752734075426,A13,d916f34
0.6,8364800.0,False,2192.0,445.25,30164.0,10.0,True,-0.6830931386819675,0.20744685797523413,79.5,13.049904214207858,A13,d916f34
0.6,8365000.0,False,2135.0,433.671875,30425.0,4.0,True,-1.0088386890480698,0.09798538670967498,75.83333333333333,12.496666222103665,A13,d916f34
0.6,8365200.0,False,2127.0,432.046875,30935.0,7.0,True,-0.6215684008576438,0.23901854543684914,69.16666666666667,9.495613022162743,A13,d916f34
0.6,8365400.0,False,2155.0,437.734375,29245.0,13.0,True,-0.7020411602205796,0.1985906694309222,73.5,9.049861877399014,A13,d916f34
0.6,8365600.0,False,2125.0,431.640625,28684.0,1.0,True,-0.7054657524855216,0.1970308575322391,77.16666666666667,17.76982460990166,A13,d916f34
0.6,8365800.0,False,2158.0,438.34375,31415.0,3.0,True,-0.757238902147749,0.17488843757477648,74.5,11.844830095868831,A13,d916f34
0.6,8366000.0,False,2120.0,430.625,30094.0,15.0,True,-0.9772445569289706,0.10537933244160474,74.0,15.84929020492716,A13,d916f34
0.6,8366200.0,False,2198.0,446.46875,32816.0,8.0,True,-0.633947205164128,0.23230191760948027,70.5,11.449890829173874,A13,d916f34
0.6,8366400.0,False,2142.0,435.09375,30839.0,14.0,True,-0.7299779497418825,0.18621816820602374,70.83333333333333,8.612007121842542,A13,d916f34
0.6,8366600.0,False,2080.0,422.5,28456.0,4.0,True,-0.6668026097363776,0.2153760413375268,74.16666666666667,18.73410437321909,A13,d916f34
0.6,8366800.0,False,2109.0,428.390625,30351.0,12.0,True,-0.6538847928908555,0.22187849280736588,74.66666666666667,11.430952132988164,A13,d916f34
0.6,8367000.0,False,2191.0,445.046875,33034.0,9.0,True,-0.643870489733899,0.22705418456055287,79.0,8.19756061276768,A13,d916f34
0.6,8367200.0,False,2092.0,424.9375,28219.0,4.0,True,-0.6913546560532174,0.20353792557530093,72.5,9.049861877399014,A13,d916f34
0.6,8367400.0,False,2122.0,431.03125,30968.0,8.0,True,-0.6113179214918395,0.24472710824825106,72.83333333333333,19.281251688276534,A13,d916f34
0.6,8367600.0,False,2113.0,429.203125,31231.0,8.0,True,-0.7637431884502726,0.17228870694022988,75.16666666666667,5.564770136013406,A13,d916f34
0.6,8367800.0,False,2208.0,448.5,31168.0,4.0,True,-0.7423172812273537,0.18100172705419065,74.66666666666667,12.940891262454324,A13,d916f34
0.6,8368000.0,False,2114.0,429.40625,28402.0,4.0,True,-0.7670251341538248,0.17099163533348632,76.66666666666667,13.72103008766713,A13,d916f34
0.6,8368200.0,False,2179.0,442.609375,30830.0,6.0,True,-0.6956200726337879,0.20154866570007676,79.16666666666667,12.464616587230697,A13,d916f34
0.6,8368400.0,False,2063.0,419.046875,26661.0,9.0,True,-0.6220446585433655,0.23875657566731404,71.0,7.0992957397195395,A13,d916f34
0.6,8368600.0,False,2136.0,433.875,31431.0,6.0,True,-0.7027158083953492,0.19828241125954726,71.33333333333333,17.037214169771616,A13,d916f34
0.6,8368800.0,False,2104.0,427.375,28579.0,13.0,True,-0.6937960192273354,0.2023969579746131,74.83333333333333,12.592325705232799,A13,d916f34
0.6,8369000.0,False,2048.0,416.0,28614.0,35.0,True,-0.7684590610498698,0.17042799664041983,76.83333333333333,10.008329864001619,A13,d916f34
0.6,8369200.0,False,2173.0,441.390625,33389.0,5.0,True,-0.7048445927262008,0.19731286711506935,77.5,7.503332592921628,A13,d916f34
0.6,8369400.0,False,2104.0,427.375,28158.0,7.0,True,-0.6309127580940591,0.2339307115949301,65.33333333333333,14.69240166435245,A13,d916f34
0.6,8369600.0,False,2067.0,419.859375,28277.0,6.0,True,-0.7017357733124773,0.19873036339641742,79.83333333333333,8.635199283552561,A13,d916f34
0.6,8369800.0,False,2164.0,439.5625,31817.0,8.0,True,-0.9610343993972817,0.10938697201116823,85.83333333333333,9.558591249063152,A13,d916f34
0.6,8370000.0,False,2155.0,437.734375,28748.0,10.0,True,-0.6808871084742543,0.20850328009747793,74.16666666666667,13.09070917355766,A13,d916f34
0.6,8370200.0,False,2128.0,432.25,30285.0,17.0,True,-0.8015243848399132,0.15793399282039766,78.83333333333333,14.497126151988423,A13,d916f34
0.6,8370400.0,False,2170.0,440.78125,30550.0,5.0,True,-0.6362366955866079,0.2310805031068973,82.66666666666667,21.435173586109972,A13,d916f34
0.6,8370600.0,False,2117.0,430.015625,29371.0,27.0,True,-0.7507889327784876,0.17750519469622944,85.66666666666667,14.935416521365138,A13,d916f34
0.6,8370800.0,False,2122.0,431.03125,29902.0,9.0,True,-0.8952759146407461,0.1272694259893864,70.83333333333333,13.257702163899545,A13,d916f34
0.6,8371000.0,False,2134.0,433.46875,29819.0,10.0,True,-0.8017942547823702,0.1578358833588192,71.5,13.663820841916802,A13,d916f34
0.6,8371200.0,False,2153.0,437.328125,26983.0,22.0,True,-1.2913657677297394,0.051125107272727746,79.5,13.47219358530748,A13,d916f34
0.6,8371400.0,False,2107.0,427.984375,27873.0,5.0,True,-0.8070974024060438,0.15592027697785288,80.83333333333333,8.400396816024031,A13,d916f34
0.6,8371600.0,False,2130.0,432.65625,27730.0,4.0,True,-0.5947892067122705,0.25422063155093433,73.16666666666667,7.67897562612792,A13,d916f34
0.6,8371800.0,False,2167.0,440.171875,28879.0,10.0,True,-0.7371790409203355,0.18315591936931408,80.66666666666667,10.764137989949155,A13,d916f34
0.6,8372000.0,False,2177.0,442.203125,31976.0,14.0,True,-0.6324915954633337,0.23308182212152967,77.5,14.446452851824906,A13,d916f34
0.6,8372200.0,False,2072.0,420.875,27412.0,3.0,True,-0.6607125433059632,0.2184175124816559,77.83333333333333,10.833589740555375,A13,d916f34
0.6,8372400.0,False,2136.0,433.875,30962.0,18.0,True,-0.5980568418960172,0.2523150512596686,71.16666666666667,14.218532507494107,A13,d916f34
0.6,8372600.0,False,2146.0,435.90625,28600.0,12.0,True,-0.8739940674698227,0.13366137747738105,73.16666666666667,8.183316361150085,A13,d916f34
0.6,8372800.0,False,2050.0,416.40625,26063.0,12.0,True,-0.6856942075938187,0.20620813405788335,79.16666666666667,16.485347029003265,A13,d916f34
0.6,8373000.0,False,2252.0,457.4375,31690.0,8.0,True,-0.6545925456816186,0.22151720054715057,80.66666666666667,6.918574034197124,A13,d916f34
0.6,8373200.0,False,2157.0,438.140625,30121.0,6.0,True,-0.6214856926758874,0.2390640690910804,77.5,21.603240497666086,A13,d916f34
0.6,8373400.0,False,2175.0,441.796875,30361.0,9.0,True,-0.7078734734032137,0.19594154430356764,81.66666666666667,11.792653080060767,A13,d916f34
0.6,8373600.0,False,2165.0,439.765625,30402.0,19.0,True,-0.7008780154723554,0.19912325573596712,77.5,12.708265027138834,A13,d916f34
0.6,8373800.0,False,2152.0,437.125,31474.0,4.0,True,-0.7885262015222685,0.16273231342667963,78.0,10.714476188783099,A13,d916f34
0.6,8374000.0,False,2180.0,442.8125,33208.0,7.0,True,-0.6159515357095018,0.2421299232075766,71.33333333333333,9.72967967955095,A13,d916f34
0.6,8374200.0,False,2114.0,429.40625,29062.0,3.0,True,-0.6977206176346723,0.20057619224184667,68.66666666666667,8.687155268939692,A13,d916f34
0.6,8374400.0,False,2093.0,425.140625,27977.0,6.0,True,-0.6220481902475209,0.2387546340949547,65.66666666666667,17.693690024035877,A13,d916f34
0.6,8374600.0,False,2173.0,441.390625,31333.0,12.0,True,-0.8453148798676403,0.1427858332016639,83.33333333333333,14.334108506170402,A13,d916f34
0.6,8374800.0,False,2149.0,436.515625,30654.0,9.0,True,-0.6859942510625585,0.20606571908693333,78.16666666666667,11.160943807163742,A13,d916f34
0.6,8375000.0,False,2069.0,420.265625,27157.0,9.0,True,-0.8294946689065957,0.14808304327881297,75.66666666666667,12.785408349625234,A13,d916f34
0.6,8375200.0,False,2138.0,434.28125,28660.0,6.0,True,-0.863108805410213,0.13705383570819102,78.16666666666667,11.267948645013727,A13,d916f34
0.6,8375400.0,False,2106.0,427.78125,27587.0,40.0,True,-0.7457610278395999,0.17957214574663688,77.83333333333333,11.990273836183503,A13,d916f34
0.6,8375600.0,False,2211.0,449.109375,33563.0,1.0,True,-0.6587789676981662,0.21939212380011658,73.5,17.863370342687297,A13,d916f34
0.6,8375800.0,False,2146.0,435.90625,31319.0,23.0,True,-0.6810762657743195,0.20841248610546442,75.5,8.336666000266533,A13,d916f34
0.6,8376000.0,False,2205.0,447.890625,32112.0,10.0,True,-0.7414512605630698,0.18136302021843198,84.5,13.924798023669858,A13,d916f34
0.6,8376200.0,False,2138.0,434.28125,28298.0,16.0,True,-0.788870103278332,0.1626035027264507,73.5,13.619838471876236,A13,d916f34
0.6,8376400.0,False,2144.0,435.5,29896.0,3.0,True,-0.7973973479837367,0.1594419701193397,80.66666666666667,14.22204861005146,A13,d916f34
0.6,8376600.0,False,2142.0,435.09375,31161.0,12.0,True,-0.7692928264740392,0.17010112014517792,77.33333333333333,6.186005711819758,A13,d916f34
0.6,8376800.0,False,2046.0,415.59375,28475.0,22.0,True,-0.6283906514716718,0.23529318500910415,68.5,16.574076143182157,A13,d916f34
0.6,8377000.0,False,2137.0,434.078125,31028.0,3.0,True,-0.7161113774509239,0.19225986036210052,77.5,14.842506526863986,A13,d916f34
0.6,8377200.0,False,2051.0,416.609375,28889.0,5.0,True,-0.7125415707139943,0.1938467076796734,74.16666666666667,4.622409184253019,A13,d916f34
0.6,8377400.0,False,2186.0,444.03125,31083.0,12.0,True,-0.5637089179205004,0.2730807469404998,71.5,10.094552986635911,A13,d916f34
0.6,8377600.0,False,2124.0,431.4375,30668.0,18.0,True,-0.7493952326473681,0.17807574393890785,79.0,12.361229712289955,A13,d916f34
0.6,8377800.0,False,2032.0,412.75,27149.0,7.0,True,-0.6479146920789106,0.22494964282067598,70.5,13.003845585056753,A13,d916f34
0.6,8378000.0,False,2130.0,432.65625,29511.0,22.0,True,-1.0263718417917742,0.09410834982694297,78.66666666666667,12.30717947649528,A13,d916f34
0.6,8378200.0,False,2186.0,444.03125,31477.0,28.0,True,-0.6120966954987341,0.2442886584384128,78.66666666666667,15.616230872610288,A13,d916f34
0.6,8378400.0,False,2053.0,417.015625,27313.0,9.0,True,-0.7336316894995397,0.18465807781906007,80.83333333333333,10.998484744121194,A13,d916f34
0.6,8378600.0,False,2106.0,427.78125,28832.0,4.0,True,-0.5868786484893018,0.2588936220296016,74.0,11.882760622010357,A13,d916f34
0.6,8378800.0,False,2196.0,446.0625,30998.0,5.0,True,-0.8296903651030965,0.1480163310331212,73.66666666666667,4.546060565661952,A13,d916f34
0.6,8379000.0,False,2093.0,425.140625,29039.0,22.0,True,-0.7537646753907019,0.17629310405427068,78.33333333333333,7.033254343948231,A13,d916f34
0.6,8379200.0,False,2123.0,431.234375,31226.0,16.0,True,-0.6888684674515362,0.20470645268116544,76.0,14.845874847916509,A13,d916f34
0.6,8379400.0,False,2194.0,445.65625,32834.0,26.0,True,-0.817416812600952,0.15225907512173156,77.66666666666667,6.831300510639733,A13,d916f34
0.6,8379600.0,False,2199.0,446.671875,30907.0,8.0,True,-0.6677195596712692,0.21492178571793008,78.33333333333333,15.526321736543613,A13,d916f34
0.6,8379800.0,False,2150.0,436.71875,30737.0,11.0,True,-0.7644279659205179,0.1720172633319292,76.0,11.730302638892145,A13,d916f34
0.6,8380000.0,False,2242.0,455.40625,32467.0,7.0,True,-0.6240686634514259,0.23764645297049888,75.66666666666667,21.115555087817764,A13,d916f34
0.6,8380200.0,False,2131.0,432.859375,32124.0,29.0,True,-0.5780367484688659,0.264218517546265,75.66666666666667,7.966596931354483,A13,d916f34
0.6,8380400.0,False,2100.0,426.5625,28225.0,7.0,True,-0.6231814328656786,0.23813244284510848,71.33333333333333,10.01332445627658,A13,d916f34
0.6,8380600.0,False,2202.0,447.28125,30281.0,8.0,True,-0.6828395376703162,0.20756802943456926,68.5,9.093954035511725,A13,d916f34
0.6,8380800.0,False,2116.0,429.8125,30102.0,11.0,True,-0.580582497759531,0.2626742508028359,70.33333333333333,5.240865068542279,A13,d916f34
0.6,8381000.0,False,2162.0,439.15625,31875.0,17.0,True,-0.7764661311398027,0.1673146113170926,77.33333333333333,6.947421584060281,A13,d916f34
0.6,8381200.0,False,2209.0,448.703125,32400.0,2.0,True,-0.6851825078528979,0.20645123830891515,74.33333333333333,15.616230872610288,A13,d916f34
0.6,8381400.0,False,2106.0,427.78125,28445.0,26.0,True,-0.9646073618118389,0.10849073168588116,82.16666666666667,10.85203513939513,A13,d916f34
0.6,8381600.0,False,2153.0,437.328125,30280.0,6.0,True,-0.6961198678801271,0.20131685265943497,73.0,10.178408519999577,A13,d916f34
0.6,8381800.0,False,2161.0,438.953125,30732.0,2.0,True,-0.6756178499861497,0.21104844178452292,69.33333333333333,14.207978978963428,A13,d916f34
0.6,8382000.0,False,2151.0,436.921875,32105.0,16.0,True,-0.8055504806926643,0.15647664263220096,80.0,23.647410006171924,A13,d916f34
0.6,8382200.0,False,2172.0,441.1875,32209.0,2.0,True,-0.7817142542463082,0.16530490706063508,78.16666666666667,12.237919213112443,A13,d916f34
0.6,8382400.0,False,2154.0,437.53125,30502.0,10.0,True,-0.6489689675828015,0.22440422656032868,73.16666666666667,13.847984209503803,A13,d916f34
0.6,8382600.0,False,2094.0,425.34375,27067.0,1.0,True,-0.642749839502611,0.22764083004164548,76.33333333333333,14.84138358330067,A13,d916f34
0.6,8382800.0,False,2185.0,443.828125,32708.0,2.0,True,-0.8304001774860214,0.14777461022515181,83.66666666666667,17.048949136725895,A13,d916f34
0.6,8383000.0,False,2103.0,427.171875,29568.0,28.0,True,-0.796960871202308,0.15960229382542057,75.33333333333333,7.865536642001401,A13,d916f34
0.6,8383200.0,False,2132.0,433.0625,30074.0,4.0,True,-0.5808134916283872,0.2625345759726809,72.33333333333333,12.176480060619598,A13,d916f34
0.6,8383400.0,False,2108.0,428.1875,29333.0,25.0,True,-0.587953125549885,0.2582538915241856,77.16666666666667,6.940220937885671,A13,d916f34
0.6,8383600.0,False,2161.0,438.953125,29384.0,12.0,True,-0.590632414832446,0.2566655524714497,74.5,17.615334229017627,A13,d916f34
0.6,8383800.0,False,2124.0,431.4375,28813.0,2.0,True,-0.6936729958699095,0.202454299436095,73.5,16.67033293008871,A13,d916f34
0.6,8384000.0,False,2201.0,447.078125,32383.0,8.0,True,-0.8226910322340673,0.1504211718699009,71.83333333333333,13.347908700117284,A13,d916f34
0.6,8384200.0,False,2169.0,440.578125,30463.0,4.0,True,-0.6132907678741315,0.2436179206957237,69.5,13.9534941860453,A13,d916f34
0.6,8384400.0,False,2135.0,433.671875,30605.0,10.0,True,-0.7986538966084835,0.1589813217723478,74.66666666666667,13.411437904515186,A13,d916f34
0.6,8384600.0,False,2139.0,434.484375,29022.0,4.0,True,-0.8399768874698217,0.14455166970267969,73.0,7.238784428341543,A13,d916f34
0.6,8384800.0,False,2142.0,435.09375,30057.0,4.0,True,-0.8903775178550764,0.12871302054646866,65.66666666666667,18.04069473902451,A13,d916f34
0.6,8385000.0,False,2139.0,434.484375,29197.0,12.0,True,-0.6477056208377518,0.22505796062148387,73.33333333333333,9.373722135132162,A13,d916f34
0.6,8385200.0,False,2163.0,439.359375,30111.0,16.0,True,-0.7711471816567352,0.16937636895542685,80.5,8.689073598491383,A13,d916f34
0.6,8385400.0,False,2183.0,443.421875,28552.0,13.0,True,-0.5950540791394172,0.25406563187017106,82.83333333333333,12.998717885494194,A13,d916f34
0.6,8385600.0,False,2170.0,440.78125,31059.0,5.0,True,-0.8545547968425128,0.13978005375618746,82.5,12.942179105544785,A13,d916f34
0.6,8385800.0,False,2127.0,432.046875,28437.0,3.0,True,-0.6910534288842037,0.20367914869308112,75.66666666666667,5.428320796219276,A13,d916f34
0.6,8386000.0,False,2165.0,439.765625,31937.0,9.0,True,-0.7524295982128725,0.1768358856268186,76.83333333333333,10.18659249536697,A13,d916f34
0.6,8386200.0,False,2091.0,424.734375,30627.0,27.0,True,-0.589061193047948,0.2575958173256852,73.33333333333333,13.72103008766713,A13,d916f34
0.6,8386400.0,False,2116.0,429.8125,29533.0,17.0,True,-0.9363621157208581,0.11578115676700801,86.83333333333333,17.769824609901658,A13,d916f34
0.6,8386600.0,False,2187.0,444.234375,33268.0,30.0,True,-0.7582405003830615,0.17448556320942352,89.83333333333333,14.091368516459523,A13,d916f34
0.6,8386800.0,False,2181.0,443.015625,29941.0,21.0,True,-0.7415949020466188,0.18130304490982946,78.83333333333333,7.1949056051255225,A13,d916f34
0.6,8387000.0,False,2210.0,448.90625,30103.0,21.0,True,-0.6964358820299074,0.20117041784127287,86.33333333333333,10.98483803552272,A13,d916f34
0.6,8387200.0,False,2118.0,430.21875,30281.0,4.0,True,-0.6337480844142102,0.23240845071002514,77.33333333333333,12.894443247642245,A13,d916f34
0.6,8387400.0,False,2102.0,426.96875,29613.0,20.0,True,-0.695689107916298,0.20151663014854454,75.0,13.386560424545209,A13,d916f34
0.6,8387600.0,False,2125.0,431.640625,28392.0,11.0,True,-0.7139201980131311,0.193232335048487,77.16666666666667,12.02358792817962,A13,d916f34
0.6,8387800.0,False,2192.0,445.25,31213.0,4.0,True,-0.756468514977659,0.17519894434836042,73.5,10.329569206893384,A13,d916f34
0.6,8388000.0,False,2095.0,425.546875,28882.0,16.0,True,-0.8227668495473555,0.15039491426321128,67.16666666666667,10.008329864001619,A13,d916f34
0.6,8388200.0,False,2170.0,440.78125,33842.0,3.0,True,-0.7002494541456484,0.19941165865292512,68.5,12.864680330268607,A13,d916f34
0.6,8388400.0,False,2254.0,457.84375,34369.0,14.0,True,-0.6719400681905595,0.21284327453729812,77.83333333333333,14.005951116102992,A13,d916f34
0.6,8388600.0,False,2129.0,432.453125,28210.0,1.0,True,-0.8046092999751728,0.15681611849775812,77.83333333333333,16.70229525145172,A13,d916f34
0.6,8388800.0,False,2124.0,431.4375,30452.0,1.0,True,-0.919925460745849,0.12024708005486981,76.16666666666667,9.217736526212207,A13,d916f34
0.6,8389000.0,False,2138.0,434.28125,30332.0,6.0,True,-0.7766712910740584,0.16723559086084955,71.66666666666667,12.192894105447921,A13,d916f34
0.6,8389200.0,False,2158.0,438.34375,30310.0,10.0,True,-0.5715968829148721,0.2681656313887657,77.5,14.18097316829843,A13,d916f34
0.6,8389400.0,False,2159.0,438.546875,31265.0,11.0,True,-0.7029943303447856,0.19815528945389543,73.5,7.968688725254614,A13,d916f34
0.6,8389600.0,False,2088.0,424.125,28957.0,1.0,True,-0.5184435217492924,0.30307944147854093,78.66666666666667,10.073066398404542,A13,d916f34
0.6,8389800.0,False,2135.0,433.671875,27862.0,5.0,True,-0.7348884675122063,0.18412447964369139,74.0,12.96148139681572,A13,d916f34
0.6,8390000.0,False,2150.0,436.71875,31186.0,7.0,True,-0.9066160165521869,0.12398923585293667,74.5,4.764451699828638,A13,d916f34
0.6,8390200.0,False,2197.0,446.265625,30283.0,20.0,True,-0.6197938177954996,0.23999720402933308,76.33333333333333,14.250146198080447,A13,d916f34
0.6,8390400.0,False,2225.0,451.953125,33424.0,7.0,True,-0.9208328274532573,0.11999611141100555,76.16666666666667,13.332916660156046,A13,d916f34
0.6,8390600.0,False,2062.0,418.84375,25676.0,23.0,True,-0.694744835046965,0.20195525811114395,72.83333333333333,8.49509662491644,A13,d916f34
0.6,8390800.0,False,2130.0,432.65625,29770.0,9.0,True,-0.757508982621978,0.17477971119171937,78.83333333333333,7.833687935236294,A13,d916f34
0.6,8391000.0,False,2091.0,424.734375,28847.0,6.0,True,-0.604150038379772,0.24879976259815603,71.66666666666667,10.500793620801558,A13,d916f34
0.6,8391200.0,False,2096.0,425.75,28483.0,9.0,True,-0.7756961208394303,0.16761152564424925,77.66666666666667,11.465891446663303,A13,d916f34
0.6,8391400.0,False,2070.0,420.46875,28274.0,5.0,True,-0.7228414599639492,0.18930345484281252,72.16666666666667,11.788412389574207,A13,d916f34
0.6,8391600.0,False,2115.0,429.609375,28551.0,3.0,True,-0.714687913965894,0.19289105393553588,79.16666666666667,12.998717885494194,A13,d916f34
0.6,8391800.0,False,2098.0,426.15625,29266.0,9.0,True,-0.6983081736766351,0.20030501663373673,76.33333333333333,5.853773711604051,A13,d916f34
0.6,8392000.0,False,2162.0,439.15625,31830.0,5.0,True,-0.7927808252985842,0.16114586822766647,79.16666666666667,7.11102430502573,A13,d916f34
0.6,8392200.0,False,2206.0,448.09375,30623.0,6.0,True,-0.599457037320211,0.2515028800482304,74.0,14.170391667134682,A13,d916f34
0.6,8392400.0,False,2219.0,450.734375,32507.0,7.0,True,-0.615706880888313,0.2422663627532425,77.66666666666667,17.895995827745008,A13,d916f34
0.6,8392600.0,False,2112.0,429.0,28906.0,16.0,True,-0.6497419835683109,0.22400515686871134,68.83333333333333,13.731957859921748,A13,d916f34
0.6,8392800.0,False,2100.0,426.5625,28787.0,24.0,True,-0.7906436146004232,0.16194083915489912,80.0,10.21763181955584,A13,d916f34
0.6,8393000.0,False,2139.0,434.484375,30830.0,17.0,True,-0.6677226029001471,0.21492027970318556,71.33333333333333,15.292699783447874,A13,d916f34
1.0,8408000.0,False,1945.0,162.08333333333334,15964.0,14.0,True,-0.866439187781926,0.1360068593973803,79.16666666666667,17.221111075266503,A13,d916f34
1.0,8408200.0,False,1997.0,166.41666666666666,17225.0,26.0,True,-0.7760885487471774,0.16746014050188224,76.66666666666667,12.484657250668384,A13,d916f34
1.0,8408400.0,False,1933.0,161.08333333333334,16574.0,11.0,True,-0.8105131748193186,0.15469875736005007,75.66666666666667,10.948363652467279,A13,d916f34
1.0,8408600.0,False,1991.0,165.91666666666666,18269.0,44.0,True,-0.7159152796240138,0.19234669143051517,75.0,14.071247279470288,A13,d916f34
1.0,8408800.0,False,1957.0,163.08333333333334,17856.0,85.0,True,-0.6755685233964674,0.21107241374719155,69.5,11.326958991715296,A13,d916f34
1.0,8409000.0,False,1989.0,165.75,17058.0,6.0,True,-0.7240927519378832,0.18875881752928253,72.83333333333333,6.047037842337905,A13,d916f34
1.0,8409200.0,False,2030.0,169.16666666666666,19545.0,16.0,True,-0.7645614463760039,0.17196440193153156,80.33333333333333,8.824209124146291,A13,d916f34
1.0,8409400.0,False,1922.0,160.16666666666666,16784.0,6.0,True,-0.6520284199289506,0.2228289326794778,77.66666666666667,10.856641592438551,A13,d916f34
1.0,8409600.0,False,1962.0,163.5,18447.0,25.0,True,-0.6605719107210203,0.2184882515642342,83.33333333333333,13.980939405729025,A13,d916f34
1.0,8409800.0,False,1969.0,164.08333333333334,16490.0,29.0,True,-0.734045281169922,0.18448230609870306,75.33333333333333,8.801515021101007,A13,d916f34
1.0,8410000.0,False,1897.0,158.08333333333334,17271.0,1.0,True,-0.7602478024651477,0.17368095463029207,74.5,6.715653356152326,A13,d916f34
1.0,8410200.0,False,1892.0,157.66666666666666,17301.0,6.0,True,-0.5910007889800434,0.25644793776399905,72.5,6.6558245169174945,A13,d916f34
1.0,8410400.0,False,1966.0,163.83333333333334,17857.0,16.0,True,-0.7921173691213885,0.1613922331517459,72.16666666666667,13.731957859921748,A13,d916f34
1.0,8410600.0,False,1961.0,163.41666666666666,16529.0,13.0,True,-0.7851202827505691,0.16401354562920195,76.16666666666667,17.531875731554415,A13,d916f34
1.0,8410800.0,False,1910.0,159.16666666666666,14912.0,14.0,True,-1.0467106032019073,0.08980270051181422,79.83333333333333,9.537644712750977,A13,d916f34
1.0,8411000.0,False,1865.0,155.41666666666666,16618.0,26.0,True,-0.7314077506094785,0.18560610173302688,81.33333333333333,11.724617975297388,A13,d916f34
1.0,8411200.0,False,1910.0,159.16666666666666,15655.0,27.0,True,-0.7090903283927187,0.19539330173053726,68.83333333333333,10.048217088949993,A13,d916f34
1.0,8411400.0,False,2012.0,167.66666666666666,18982.0,3.0,True,-0.8076964297373774,0.15570536261278228,77.33333333333333,14.760307133209208,A13,d916f34
1.0,8411600.0,False,1951.0,162.58333333333334,18606.0,12.0,True,-0.6973640688453006,0.20074092968602675,81.83333333333333,10.553040636075778,A13,d916f34
1.0,8411800.0,False,1919.0,159.91666666666666,17578.0,2.0,True,-0.6455335124979084,0.22618639954448697,74.16666666666667,10.870449239413553,A13,d916f34
1.0,8412000.0,False,1970.0,164.16666666666666,17522.0,4.0,True,-0.7772490211569912,0.16701326983033124,79.16666666666667,11.771434350437787,A13,d916f34
1.0,8412200.0,False,1977.0,164.75,19206.0,19.0,True,-0.7707787722250432,0.16952011088314556,81.16666666666667,8.750238091998792,A13,d916f34
1.0,8412400.0,False,2021.0,168.41666666666666,22151.0,18.0,True,-0.5613189306831639,0.2745876936488997,68.16666666666667,12.828354012369111,A13,d916f34
1.0,8412600.0,False,1941.0,161.75,16853.0,4.0,True,-0.6756071449550805,0.2110536440333784,76.33333333333333,8.453795991545258,A13,d916f34
1.0,8412800.0,False,1965.0,163.75,19975.0,4.0,True,-0.6277247765547992,0.2356542211453652,76.83333333333333,14.510915431724722,A13,d916f34
1.0,8413000.0,False,2000.0,166.66666666666666,18003.0,21.0,True,-0.6304861578470324,0.23416061073710487,78.16666666666667,18.956968815363563,A13,d916f34
1.0,8413200.0,False,1894.0,157.83333333333334,16223.0,7.0,True,-0.670099004350391,0.21374747625110127,75.0,17.204650534085253,A13,d916f34
1.0,8413400.0,False,1966.0,163.83333333333334,16048.0,2.0,True,-0.6350199623469911,0.23172881333653977,76.5,23.729728190605133,A13,d916f34
1.0,8413600.0,False,1966.0,163.83333333333334,17291.0,8.0,True,-0.6132683323613496,0.2436305062439676,70.5,12.437845472588892,A13,d916f34
1.0,8413800.0,False,1954.0,162.83333333333334,18311.0,9.0,True,-0.6548507207173372,0.22138555435319285,71.66666666666667,14.895189380020206,A13,d916f34
1.0,8414000.0,False,2023.0,168.58333333333334,19739.0,24.0,True,-0.8032753155684984,0.15729853738732327,78.83333333333333,15.144856112445133,A13,d916f34
1.0,8414200.0,False,1888.0,157.33333333333334,15866.0,34.0,True,-0.8698738884761685,0.13493546547050445,72.33333333333333,13.411437904515184,A13,d916f34
1.0,8414400.0,False,2053.0,171.08333333333334,19590.0,15.0,True,-0.9019403069064686,0.12533134290628795,83.83333333333333,19.67146834038239,A13,d916f34
1.0,8414600.0,False,2001.0,166.75,17934.0,14.0,True,-0.7004718395981464,0.19930957377336644,69.66666666666667,8.914407813571616,A13,d916f34
1.0,8414800.0,False,1967.0,163.91666666666666,16572.0,2.0,True,-0.8372237906284851,0.14547092801364508,84.66666666666667,7.501111028818776,A13,d916f34
1.0,8415000.0,False,1929.0,160.75,17579.0,4.0,True,-0.7561871429798264,0.17531248953840506,71.83333333333333,6.306081720582652,A13,d916f34
1.0,8415200.0,False,2003.0,166.91666666666666,19099.0,11.0,True,-0.8345731499233642,0.14636149943726848,80.16666666666667,10.068101443006356,A13,d916f34
1.0,8415400.0,False,1987.0,165.58333333333334,18545.0,3.0,True,-0.6776361349721959,0.21006991757137755,74.66666666666667,15.616230872610288,A13,d916f34
1.0,8415600.0,False,1903.0,158.58333333333334,16128.0,62.0,True,-0.7568723643192201,0.17503610301722244,83.5,16.813684902483452,A13,d916f34
1.0,8415800.0,False,1987.0,165.58333333333334,18108.0,44.0,True,-0.7245403637752217,0.18856437076830462,74.0,12.649110640673518,A13,d916f34
1.0,8416000.0,False,1998.0,166.5,16549.0,1.0,True,-0.7414187914297624,0.18137657995833112,81.83333333333333,4.119061381755152,A13,d916f34
1.0,8416200.0,False,1868.0,155.66666666666666,17418.0,11.0,True,-0.5616465900158685,0.2743806053879369,70.66666666666667,11.621818561080131,A13,d916f34
1.0,8416400.0,False,2039.0,169.91666666666666,17890.0,7.0,True,-0.9127994052757965,0.1222364123186788,80.66666666666667,16.107969042268074,A13,d916f34
1.0,8416600.0,False,1991.0,165.91666666666666,18763.0,4.0,True,-0.5951112394217546,0.254032194863256,76.16666666666667,19.260494974601944,A13,d916f34
1.0,8416800.0,False,1969.0,164.08333333333334,19533.0,8.0,True,-0.8597117869661929,0.13813006399987615,80.83333333333333,12.44856082712643,A13,d916f34
1.0,8417000.0,False,1948.0,162.33333333333334,17783.0,1.0,True,-0.5971509036272651,0.25284192978792513,69.5,3.391164991562634,A13,d916f34
1.0,8417200.0,False,1976.0,164.66666666666666,15832.0,3.0,True,-0.7019777964286547,0.19861964602719878,85.0,7.293833011524188,A13,d916f34
1.0,8417400.0,False,1960.0,163.33333333333334,15572.0,12.0,True,-1.0376890913407504,0.09168766413866825,70.5,10.425929215182693,A13,d916f34
1.0,8417600.0,False,1959.0,163.25,17937.0,19.0,True,-0.6782407416343761,0.20977767046899753,74.83333333333333,13.991664185030551,A13,d916f34
1.0,8417800.0,False,1961.0,163.41666666666666,18775.0,10.0,True,-0.8880672438336442,0.12939954706037843,84.5,8.47938677028003,A13,d916f34
1.0,8418000.0,False,1924.0,160.33333333333334,16963.0,23.0,True,-1.044553047750619,0.09024994631724687,77.0,11.224972160321824,A13,d916f34
1.0,8418200.0,False,1939.0,161.58333333333334,18952.0,9.0,True,-0.7583837821566674,0.1744280066933261,71.0,6.0,A13,d916f34
1.0,8418400.0,False,1952.0,162.66666666666666,15776.0,104.0,True,-0.8061051965927013,0.15627690564535773,78.16666666666667,14.091368516459523,A13,d916f34
1.0,8418600.0,False,1965.0,163.75,16050.0,42.0,True,-0.6892239283093093,0.20453897332314008,74.66666666666667,15.14815720365572,A13,d916f34
1.0,8418800.0,False,1896.0,158.0,18143.0,20.0,True,-0.6819558121919228,0.20799082990793327,66.33333333333333,12.738393409950357,A13,d916f34
1.0,8419000.0,False,2011.0,167.58333333333334,17749.0,5.0,True,-0.7448111332698731,0.17996533813294455,80.66666666666667,15.908069231263317,A13,d916f34
1.0,8419200.0,False,1891.0,157.58333333333334,15312.0,26.0,True,-0.6240645450799385,0.23764870655892179,80.83333333333333,6.6758270399005,A13,d916f34
1.0,8419400.0,False,1901.0,158.41666666666666,17619.0,13.0,True,-0.7318413438309329,0.1854208878044822,72.0,12.946041866145807,A13,d916f34
1.0,8419600.0,False,1968.0,164.0,16800.0,4.0,True,-0.7790438774353112,0.16632446017368802,77.5,17.073371078963874,A13,d916f34
1.0,8419800.0,False,1986.0,165.5,18461.0,5.0,True,-0.5594031400754435,0.275801649926353,64.83333333333333,10.59087657687817,A13,d916f34
1.0,8420000.0,False,1987.0,165.58333333333334,18505.0,15.0,True,-0.7430209221934254,0.18070870672582695,84.5,13.003845585056753,A13,d916f34
1.0,8420200.0,False,1946.0,162.16666666666666,19340.0,4.0,True,-0.7321564337500873,0.1852864097807338,72.33333333333333,11.656185768366367,A13,d916f34
1.0,8420400.0,False,1992.0,166.0,19985.0,6.0,True,-0.7982631694089662,0.15912441886658407,74.66666666666667,9.66781602362533,A13,d916f34
1.0,8420600.0,False,1948.0,162.33333333333334,17204.0,11.0,True,-0.6155841161056822,0.2423348554066066,72.5,17.489997141223323,A13,d916f34
1.0,8420800.0,False,1940.0,161.66666666666666,18193.0,10.0,True,-0.8867558738738945,0.1297908647904753,77.33333333333333,11.430952132988166,A13,d916f34
1.0,8421000.0,False,2004.0,167.0,19470.0,3.0,True,-0.8604491449853446,0.13789574166688498,82.33333333333333,16.132782359737785,A13,d916f34
1.0,8421200.0,False,1989.0,165.75,17054.0,12.0,True,-0.891788486819545,0.12829552645023182,77.83333333333333,14.358505028959897,A13,d916f34
1.0,8421400.0,False,2040.0,170.0,18287.0,11.0,True,-0.6368684244827657,0.23074461555462034,77.83333333333333,11.788412389574207,A13,d916f34
1.0,8421600.0,False,1981.0,165.08333333333334,17312.0,13.0,True,-0.765309888987598,0.17166830181365772,76.66666666666667,8.01664934163062,A13,d916f34
1.0,8421800.0,False,1978.0,164.83333333333334,17037.0,15.0,True,-0.7362922113314131,0.18353030598375109,72.33333333333333,8.524474568362947,A13,d916f34
1.0,8422000.0,False,1921.0,160.08333333333334,17085.0,3.0,True,-0.9824619018568228,0.10412094428997665,74.0,11.541230437002806,A13,d916f34
1.0,8422200.0,False,1947.0,162.25,18173.0,9.0,True,-0.837576182783297,0.14535293889821838,77.66666666666667,7.339391437078873,A13,d916f34
1.0,8422400.0,False,1908.0,159.0,16442.0,15.0,True,-0.6495130614991181,0.22412326392193316,74.5,9.60728889958036,A13,d916f34
1.0,8422600.0,False,1942.0,161.83333333333334,17061.0,12.0,True,-0.919783777792188,0.1202863155080649,72.5,11.20267825120404,A13,d916f34
1.0,8422800.0,False,1945.0,162.08333333333334,16056.0,19.0,True,-0.6859197314732947,0.20610108046246894,69.66666666666667,11.147495981908522,A13,d916f34
1.0,8423000.0,False,1981.0,165.08333333333334,19191.0,14.0,True,-0.7271621230259953,0.18742946993777942,72.16666666666667,7.386925386564202,A13,d916f34
1.0,8423200.0,False,1937.0,161.41666666666666,16408.0,17.0,True,-0.8688915016511833,0.13524103891918868,69.5,12.988456413292536,A13,d916f34
1.0,8423400.0,False,2003.0,166.91666666666666,18450.0,10.0,True,-0.7116032184367654,0.19426599264605965,79.5,12.786711852544421,A13,d916f34
1.0,8423600.0,False,1992.0,166.0,16621.0,14.0,True,-0.8245244943498096,0.14978747700390238,78.16666666666667,7.054549359574052,A13,d916f34
1.0,8423800.0,False,1952.0,162.66666666666666,17959.0,5.0,True,-0.6536677952695203,0.22198938331520718,68.33333333333333,9.223159256278006,A13,d916f34
1.0,8424000.0,False,1942.0,161.83333333333334,15968.0,23.0,True,-0.656261637964162,0.22066749351352066,79.33333333333333,14.22204861005146,A13,d916f34
1.0,8424200.0,False,1956.0,163.0,18088.0,34.0,True,-0.6282115586953371,0.23539023436463172,76.33333333333333,10.17185659880568,A13,d916f34
1.0,8424400.0,False,1950.0,162.5,18142.0,12.0,True,-0.7037171887088651,0.1978257456200853,73.5,13.24764129949177,A13,d916f34
1.0,8424600.0,False,2043.0,170.25,18197.0,10.0,True,-0.8534976792768404,0.14012070724977624,83.83333333333333,16.797817318528818,A13,d916f34
1.0,8424800.0,False,1939.0,161.58333333333334,16211.0,7.0,True,-0.737762464888745,0.18291003595479335,74.0,15.899685531481433,A13,d916f34
1.0,8425000.0,False,1937.0,161.41666666666666,16237.0,31.0,True,-0.6905097258604433,0.20393429887833456,69.33333333333333,7.916228058025278,A13,d916f34
1.0,8425200.0,False,1932.0,161.0,16849.0,19.0,True,-0.7296483743547503,0.1863595382222877,78.66666666666667,10.289152864384251,A13,d916f34
1.0,8425400.0,False,1973.0,164.41666666666666,16655.0,4.0,True,-0.8166284147186323,0.1525357301600142,85.5,13.141537200799608,A13,d916f34
1.0,8425600.0,False,1932.0,161.0,16879.0,33.0,True,-0.6017581101026662,0.25017383721305597,74.83333333333333,9.786044485218053,A13,d916f34
1.0,8425800.0,False,1901.0,158.41666666666666,16968.0,16.0,True,-0.7341565467921142,0.18443504805095795,69.5,13.48703080740902,A13,d916f34
1.0,8426000.0,False,2003.0,166.91666666666666,19279.0,1.0,True,-0.7548251651107746,0.17586314476199083,67.66666666666667,8.238122763510304,A13,d916f34
1.0,8426200.0,False,1997.0,166.41666666666666,19068.0,25.0,True,-0.6057431816054147,0.24788875050208248,75.16666666666667,8.886319072972041,A13,d916f34
1.0,8426400.0,False,1903.0,158.58333333333334,15885.0,7.0,True,-0.8492731459452689,0.14149036080569652,71.66666666666667,10.595596569644707,A13,d916f34
1.0,8426600.0,False,1883.0,156.91666666666666,16680.0,19.0,True,-0.5763833752586379,0.2652263231887242,69.16666666666667,8.376554582086042,A13,d916f34
1.0,8426800.0,False,1891.0,157.58333333333334,15345.0,12.0,True,-0.8060947889363773,0.15628065079037365,81.83333333333333,10.419532938988516,A13,d916f34
1.0,8427000.0,False,1959.0,163.25,18470.0,21.0,True,-0.6748946601844411,0.21140017369984593,73.66666666666667,9.852241707685955,A13,d916f34
1.0,8427200.0,False,2044.0,170.33333333333334,19658.0,8.0,True,-0.5931245867008941,0.2551969110487428,77.83333333333333,18.345753368740862,A13,d916f34
1.0,8427400.0,False,1951.0,162.58333333333334,15950.0,13.0,True,-0.9511942309265422,0.11189373455768997,76.0,5.291502622129181,A13,d916f34
1.0,8427600.0,False,1976.0,164.66666666666666,17757.0,17.0,True,-0.8687605320857226,0.13528182951604634,73.83333333333333,15.816657885491065,A13,d916f34
1.0,8427800.0,False,1932.0,161.0,18166.0,3.0,True,-0.9326880521781433,0.11676480216166696,76.83333333333333,6.242328625334192,A13,d916f34
1.0,8428000.0,False,1904.0,158.66666666666666,15950.0,10.0,True,-0.7530077867111619,0.17660061566800486,78.0,8.0,A13,d916f34
1.0,8428200.0,False,2004.0,167.0,17542.0,9.0,True,-0.665523100957101,0.21601151310487315,74.33333333333333,11.604596790352806,A13,d916f34
1.0,8428400.0,False,1957.0,163.08333333333334,16753.0,13.0,True,-0.7431392474246251,0.1806594786379757,74.66666666666667,6.918574034197125,A13,d916f34
1.0,8428600.0,False,1951.0,162.58333333333334,18508.0,17.0,True,-0.8227798775568449,0.15039040276913576,79.83333333333333,12.560520159080463,A13,d916f34
1.0,8428800.0,False,1987.0,165.58333333333334,19892.0,36.0,True,-0.7789487081616778,0.1663609117363785,72.66666666666667,8.824209124146291,A13,d916f34
1.0,8429000.0,False,1945.0,162.08333333333334,17317.0,5.0,True,-0.5977175319638903,0.25251225951233836,67.83333333333333,13.570801990548189,A13,d916f34
1.0,8429200.0,False,1941.0,161.75,16996.0,11.0,True,-0.6918800567326262,0.20329183839571285,84.5,16.991174179555692,A13,d916f34
1.0,8429400.0,False,2030.0,169.16666666666666,20525.0,10.0,True,-0.8680323480966587,0.13550884758497536,80.0,11.260550608207398,A13,d916f34
1.0,8429600.0,False,2000.0,166.66666666666666,19029.0,8.0,True,-0.7433524259464787,0.18057082158255328,79.66666666666667,14.841383583300672,A13,d916f34
1.0,8429800.0,False,1980.0,165.0,19115.0,33.0,True,-0.8170305174769544,0.15239456637635668,78.16666666666667,14.66174159732283,A13,d916f34
1.0,8430000.0,False,1991.0,165.91666666666666,17174.0,26.0,True,-0.6703804663158512,0.21360899350180235,80.16666666666667,12.17237309100681,A13,d916f34
1.0,8430200.0,False,2039.0,169.91666666666666,20182.0,11.0,True,-0.615105833105039,0.24260188271693955,74.33333333333333,12.060956291549466,A13,d916f34
1.0,8430400.0,False,1978.0,164.83333333333334,16494.0,7.0,True,-0.6111196355700009,0.24483886886625525,80.0,11.189280584559492,A13,d916f34
1.0,8430600.0,False,1960.0,163.33333333333334,19673.0,11.0,True,-0.9601994319232517,0.10959747991072821,80.33333333333333,13.6772316887105,A13,d916f34
1.0,8430800.0,False,1958.0,163.16666666666666,17898.0,15.0,True,-0.7110190121646492,0.19452749212115428,85.83333333333333,11.889771514485325,A13,d916f34
1.0,8431000.0,False,1882.0,156.83333333333334,16094.0,42.0,True,-1.0163542388461768,0.09630431824751448,76.83333333333333,11.839200423452027,A13,d916f34
1.0,8431200.0,False,1973.0,164.41666666666666,17801.0,6.0,True,-0.6882205000117075,0.2050121027011348,79.5,10.67239429556461,A13,d916f34
1.0,8431400.0,False,1889.0,157.41666666666666,16876.0,0.0,True,-0.8342986169230907,0.1464540489995032,84.0,15.620499351813308,A13,d916f34
1.0,8431600.0,False,1919.0,159.91666666666666,16078.0,6.0,True,-0.9989228229456947,0.10024833702961747,75.33333333333333,14.528133626404552,A13,d916f34
1.0,8431800.0,False,1919.0,159.91666666666666,17206.0,28.0,True,-0.6099719529802063,0.24548674475005688,73.5,11.058933040759403,A13,d916f34
1.0,8432000.0,False,1982.0,165.16666666666666,17304.0,57.0,True,-0.6477441671528179,0.22503798622520593,75.5,6.534523701081817,A13,d916f34
1.0,8432200.0,False,1963.0,163.58333333333334,17934.0,11.0,True,-0.8406824259422004,0.14431702714703862,70.83333333333333,11.214573851318054,A13,d916f34
1.0,8432400.0,False,1955.0,162.91666666666666,16319.0,27.0,True,-0.6392230687175267,0.22949695693156766,78.33333333333333,22.76547093004374,A13,d916f34
1.0,8432600.0,False,2071.0,172.58333333333334,19487.0,33.0,True,-0.6310220561603055,0.23387184610526532,78.66666666666667,16.47624552702061,A13,d916f34
1.0,8432800.0,False,1946.0,162.16666666666666,19176.0,4.0,True,-1.0780495021829706,0.08355077791298862,71.5,4.135214625627067,A13,d916f34
1.0,8433000.0,False,1976.0,164.66666666666666,17671.0,8.0,True,-0.6541031370153545,0.22176697011690338,73.33333333333333,7.711463328491336,A13,d916f34
1.0,8433200.0,False,1922.0,160.16666666666666,16599.0,38.0,True,-0.6125677478930571,0.2440238372660128,64.83333333333333,8.471520918150805,A13,d916f34
1.0,8433400.0,False,1937.0,161.41666666666666,19152.0,6.0,True,-0.7436947031899981,0.1804285657239683,70.33333333333333,9.266426855410161,A13,d916f34
1.0,8433600.0,False,1996.0,166.33333333333334,19464.0,5.0,True,-0.7273872167945432,0.18733235087205258,81.83333333333333,9.92807467068347,A13,d916f34
1.0,8433800.0,False,1989.0,165.75,17700.0,4.0,True,-0.6684208499767953,0.2145750142423893,82.33333333333333,14.389811210251047,A13,d916f34
1.0,8434000.0,False,1898.0,158.16666666666666,17371.0,12.0,True,-0.7205902192412064,0.19028728984938909,73.5,14.446452851824906,A13,d916f34
1.0,8434200.0,False,1958.0,163.16666666666666,18294.0,0.0,True,-1.0669027050689823,0.08572298688056569,76.0,12.96148139681572,A13,d916f34
1.0,8434400.0,False,2002.0,166.83333333333334,23348.0,9.0,True,-0.6625981347772968,0.21747125724497735,70.33333333333333,12.691204303243513,A13,d916f34
1.0,8434600.0,False,1914.0,159.5,18327.0,27.0,True,-0.7192712676899399,0.190866070435336,72.5,9.544631999192006,A13,d916f34
1.0,8434800.0,False,2002.0,166.83333333333334,17898.0,3.0,True,-0.6703877794351921,0.213605396553247,76.33333333333333,12.127104628338403,A13,d916f34
1.0,8435000.0,False,1939.0,161.58333333333334,20319.0,16.0,True,-0.736839360874516,0.18329922938194354,61.5,10.894952959971878,A13,d916f34
1.0,8435200.0,False,1928.0,160.66666666666666,16806.0,20.0,True,-0.866903809084383,0.13586143297209377,78.16666666666667,3.4302575219167823,A13,d916f34
1.0,8435400.0,False,1979.0,164.91666666666666,17666.0,1.0,True,-0.6141279616831204,0.2431487483569799,72.5,8.455767262643882,A13,d916f34
1.0,8435600.0,False,1971.0,164.25,18426.0,17.0,True,-0.7718402647945941,0.1691062796770565,82.0,12.617448236470002,A13,d916f34
1.0,8435800.0,False,1950.0,162.5,16443.0,9.0,True,-0.6567804858700128,0.2204040213602477,71.16666666666667,14.743360087397537,A13,d916f34
1.0,8436000.0,False,1897.0,158.08333333333334,15995.0,11.0,True,-0.6789250710113671,0.2094473785021685,81.0,7.771743691090179,A13,d916f34
1.0,8436200.0,False,1903.0,158.58333333333334,17718.0,19.0,True,-0.5564808935354298,0.2776636999509933,70.0,9.444575162494075,A13,d916f34
1.0,8436400.0,False,2021.0,168.41666666666666,19561.0,38.0,True,-0.7505288258253892,0.1776115376643495,77.83333333333333,14.455679391390314,A13,d916f34
1.0,8436600.0,False,1947.0,162.25,19077.0,26.0,True,-0.6229112506934803,0.23828063528310217,72.33333333333333,18.853823661704983,A13,d916f34
1.0,8436800.0,False,1927.0,160.58333333333334,17573.0,101.0,True,-0.6966841580952243,0.20105544625362015,80.16666666666667,12.496666222103665,A13,d916f34
1.0,8437000.0,False,1927.0,160.58333333333334,17268.0,23.0,True,-0.6608017046595553,0.218372675618775,73.33333333333333,11.360751148875089,A13,d916f34
1.0,8437200.0,False,1988.0,165.66666666666666,17790.0,3.0,True,-0.7174821238708786,0.19165399484038015,80.33333333333333,21.322914122292637,A13,d916f34
1.0,8437400.0,False,1921.0,160.08333333333334,15275.0,19.0,True,-0.6035637879814922,0.24913584204928738,68.0,9.654014708917737,A13,d916f34
1.0,8437600.0,False,1985.0,165.41666666666666,16435.0,11.0,True,-0.6539976546256632,0.22182083990337156,77.66666666666667,15.422926656982671,A13,d916f34
1.0,8437800.0,False,1923.0,160.25,15051.0,7.0,True,-0.8273080002169898,0.1488305202193139,74.0,13.038404810405298,A13,d916f34
1.0,8438000.0,False,1997.0,166.41666666666666,17897.0,0.0,True,-0.5454336125231182,0.2848173146662505,72.83333333333333,7.026141662866374,A13,d916f34
1.0,8438200.0,False,1932.0,161.0,16915.0,32.0,True,-0.8311066410490628,0.14753442178891302,82.83333333333333,11.444066876188144,A13,d916f34
1.0,8438400.0,False,1935.0,161.25,16938.0,14.0,True,-0.6439227565127852,0.2270268605275058,67.83333333333333,6.853223086013374,A13,d916f34
1.0,8438600.0,False,1975.0,164.58333333333334,18294.0,7.0,True,-0.7421175918956541,0.18108497108849048,80.83333333333333,7.833687935236294,A13,d916f34
1.0,8438800.0,False,1991.0,165.91666666666666,17636.0,17.0,True,-0.8656097613245749,0.13626685689297469,73.5,20.354360712142253,A13,d916f34
1.0,8439000.0,False,2000.0,166.66666666666666,17986.0,14.0,True,-0.6430709756268448,0.227472564784853,79.16666666666667,10.888832199398916,A13,d916f34
1.0,8439200.0,False,2003.0,166.91666666666666,16099.0,15.0,True,-0.846248423057181,0.14247923575351318,72.16666666666667,11.634718160173312,A13,d916f34
1.0,8439400.0,False,1940.0,161.66666666666666,16419.0,5.0,True,-0.7497810267954207,0.17791762524840016,71.66666666666667,11.570076346622207,A13,d916f34
1.0,8439600.0,False,2004.0,167.0,18453.0,37.0,True,-0.6450545328514701,0.22643599619162164,82.5,8.167006795638168,A13,d916f34
1.0,8439800.0,False,2066.0,172.16666666666666,18399.0,36.0,True,-0.7074981860677715,0.19611093664897555,77.16666666666667,12.781497043252275,A13,d916f34
1.0,8440000.0,False,1994.0,166.16666666666666,18537.0,43.0,True,-0.6351204432644835,0.23167520540148073,72.16666666666667,10.30372101071582,A13,d916f34
1.0,8440200.0,False,1975.0,164.58333333333334,19736.0,38.0,True,-0.6578638102263645,0.21985492045367722,82.0,5.0990195135927845,A13,d916f34
1.0,8440400.0,False,1962.0,163.5,17585.0,8.0,True,-0.753943779500768,0.1762204153350807,74.16666666666667,6.7946057035465035,A13,d916f34
1.0,8440600.0,False,2010.0,167.5,16749.0,5.0,True,-0.765640137663896,0.17153781044946415,79.66666666666667,14.109098719148104,A13,d916f34
1.0,8440800.0,False,1984.0,165.33333333333334,17763.0,15.0,True,-0.8277368363409244,0.14868363278332375,73.33333333333333,12.53262409340784,A13,d916f34
1.0,8441000.0,False,2024.0,168.66666666666666,19330.0,9.0,True,-0.7492372017575591,0.17814055385502392,69.16666666666667,7.440878084384038,A13,d916f34
1.0,8441200.0,False,1959.0,163.25,16709.0,10.0,True,-0.6415265986295324,0.22828291071413204,76.16666666666667,13.407709225168432,A13,d916f34
1.0,8441400.0,False,1920.0,160.0,18228.0,3.0,True,-0.6850780151953192,0.20650091712106178,80.33333333333333,16.65733071853551,A13,d916f34
1.0,8441600.0,False,1918.0,159.83333333333334,16134.0,15.0,True,-0.9925256139291658,0.1017359362334854,81.83333333333333,9.826834010334492,A13,d916f34
1.0,8441800.0,False,1939.0,161.58333333333334,17431.0,25.0,True,-0.6828800911332673,0.2075486480936914,79.16666666666667,14.998888847733577,A13,d916f34
1.0,8442000.0,False,1989.0,165.75,18083.0,24.0,True,-0.6120753364871676,0.24430067308010858,77.5,7.44983221287567,A13,d916f34
1.0,8442200.0,False,1878.0,156.5,15740.0,3.0,True,-0.7534492782659485,0.17642117966965631,69.5,8.043631020876083,A13,d916f34
1.0,8442400.0,False,2021.0,168.41666666666666,19349.0,42.0,True,-0.6406071846892162,0.22876670413988165,87.0,14.953260514014994,A13,d916f34
1.0,8442600.0,False,1990.0,165.83333333333334,18692.0,9.0,True,-0.748959924605591,0.17825432476126352,70.66666666666667,12.225656083281038,A13,d916f34
1.0,8442800.0,False,1924.0,160.33333333333334,17318.0,4.0,True,-0.7765021320367441,0.16730074232570935,72.16666666666667,11.87293841753871,A13,d916f34
1.0,8443000.0,False,1966.0,163.83333333333334,15965.0,19.0,True,-0.6174750688694834,0.24128200390825874,70.33333333333333,9.266426855410163,A13,d916f34
1.0,8443200.0,False,1918.0,159.83333333333334,17270.0,3.0,True,-0.7177461073201392,0.1915375344399751,72.66666666666667,9.287985070329661,A13,d916f34
1.0,8443400.0,False,1963.0,163.58333333333334,17355.0,12.0,True,-0.6829058524686678,0.2075363371572564,82.83333333333333,15.09194045398625,A13,d916f34
1.0,8443600.0,False,1984.0,165.33333333333334,16830.0,13.0,True,-0.5678535209433483,0.27048705103329174,72.66666666666667,11.32548748031036,A13,d916f34
1.0,8443800.0,False,2014.0,167.83333333333334,19409.0,13.0,True,-0.7214191054949224,0.1899244574760514,81.66666666666667,9.070097390142328,A13,d916f34
1.0,8444000.0,False,1996.0,166.33333333333334,18134.0,25.0,True,-0.8822790873157218,0.1311356920998695,74.33333333333333,7.420691791650336,A13,d916f34
1.0,8444200.0,False,1966.0,163.83333333333334,19983.0,0.0,True,-0.8879624578267027,0.12943077218138194,75.5,13.924798023669858,A13,d916f34
1.0,8444400.0,False,1986.0,165.5,18604.0,9.0,True,-0.7360154392712257,0.18364730551377506,75.66666666666667,16.083117442419756,A13,d916f34
1.0,8444600.0,False,1972.0,164.33333333333334,18758.0,18.0,True,-0.6480692989481824,0.22486957601885543,74.66666666666667,15.028861123407411,A13,d916f34
1.0,8444800.0,False,1911.0,159.25,18313.0,16.0,True,-0.5410690803991655,0.2876940762079472,67.66666666666667,11.272385136547928,A13,d916f34
1.0,8445000.0,False,1868.0,155.66666666666666,15933.0,43.0,True,-0.856301761905448,0.1392189128594326,77.33333333333333,16.18229485167869,A13,d916f34
1.0,8445200.0,False,1950.0,162.5,16859.0,5.0,True,-0.6368249264159567,0.23076772763128353,73.16666666666667,11.089033621856625,A13,d916f34
1.0,8445400.0,False,2002.0,166.83333333333334,16865.0,5.0,True,-0.7929836144981923,0.161070640439347,83.66666666666667,10.132456102380441,A13,d916f34
1.0,8445600.0,False,1984.0,165.33333333333334,18010.0,8.0,True,-0.590130195062238,0.25696253316213524,73.16666666666667,15.892346166210535,A13,d916f34
1.0,8445800.0,False,1930.0,160.83333333333334,17182.0,34.0,True,-0.7692850101889096,0.1701041815951292,77.33333333333333,11.656185768366369,A13,d916f34
1.0,8446000.0,False,2003.0,166.91666666666666,17405.0,6.0,True,-0.6164883765505824,0.24183080606161397,75.5,12.942179105544785,A13,d916f34
1.0,8446200.0,False,1988.0,165.66666666666666,20385.0,20.0,True,-0.877662999266768,0.13253695871081372,76.5,15.385057685949702,A13,d916f34
1.0,8446400.0,False,1971.0,164.25,16220.0,53.0,True,-0.6300578500304207,0.2343916574013286,79.83333333333333,9.108603991099113,A13,d916f34
1.0,8446600.0,False,1918.0,159.83333333333334,17365.0,27.0,True,-0.731816671831353,0.18543142174908006,72.66666666666667,11.290113669342158,A13,d916f34
1.0,8446800.0,False,1891.0,157.58333333333334,16322.0,16.0,True,-0.622105723118529,0.23872300732940988,70.0,12.13260071048248,A13,d916f34
1.0,8447000.0,False,1952.0,162.66666666666666,18838.0,20.0,True,-0.7285202818717196,0.1868442417583221,76.16666666666667,7.909909396868379,A13,d916f34
1.0,8447200.0,False,1970.0,164.16666666666666,17791.0,7.0,True,-0.8280239745512515,0.1485853615785604,82.66666666666667,11.570076346622205,A13,d916f34
1.0,8447400.0,False,2033.0,169.41666666666666,18770.0,14.0,True,-0.9183253678652535,0.12069092953231586,86.66666666666667,14.472963299430655,A13,d916f34
1.0,8447600.0,False,2003.0,166.91666666666666,19294.0,16.0,True,-0.8362280879446392,0.1458048303995094,83.83333333333333,10.361788777362076,A13,d916f34
1.0,8447800.0,False,1940.0,161.66666666666666,16142.0,20.0,True,-0.687924465111617,0.20515189592752023,79.0,11.627553482998906,A13,d916f34
1.0,8448000.0,False,1926.0,160.5,16137.0,5.0,True,-0.8713706607690004,0.13447121819443236,73.5,8.826097665446492,A13,d916f34
1.0,8448200.0,False,1908.0,159.0,17611.0,22.0,True,-0.6877747218232146,0.20522264381289426,77.16666666666667,7.985403350280227,A13,d916f34
1.0,8448400.0,False,1886.0,157.16666666666666,16122.0,8.0,True,-0.672169529628168,0.2127308475417241,84.66666666666667,14.361986863476329,A13,d916f34
1.0,8448600.0,False,1859.0,154.91666666666666,16101.0,15.0,True,-0.7095246940521699,0.19519797410144077,74.66666666666667,16.54891738654425,A13,d916f34
1.0,8448800.0,False,2027.0,168.91666666666666,20677.0,11.0,True,-0.8228088916464654,0.15038035591140675,78.33333333333333,12.909944487358056,A13,d916f34
1.0,8449000.0,False,1909.0,159.08333333333334,17474.0,51.0,True,-0.9197048257171253,0.12030818481079386,76.5,9.874208829065749,A13,d916f34
1.0,8449200.0,False,1878.0,156.5,16647.0,8.0,True,-0.6422565704143097,0.2278995300289853,75.16666666666667,10.647378394077421,A13,d916f34
1.0,8449400.0,False,1990.0,165.83333333333334,16646.0,8.0,True,-0.7807044567974232,0.16568971205508354,78.83333333333333,12.828354012369111,A13,d916f34
1.0,8449600.0,False,1925.0,160.41666666666666,16610.0,57.0,True,-0.8994417831569993,0.12605446016087896,79.16666666666667,10.400320507881796,A13,d916f34
1.0,8449800.0,False,1927.0,160.58333333333334,16504.0,11.0,True,-0.7166233211097986,0.1920333591488757,73.66666666666667,17.40881003017342,A13,d916f34
1.0,8450000.0,False,1942.0,161.83333333333334,17628.0,6.0,True,-0.67171305323962,0.21295456132154764,78.33333333333333,19.6638416050035,A13,d916f34
1.0,8450200.0,False,1955.0,162.91666666666666,19591.0,11.0,True,-0.7269251110349426,0.1875317856650745,72.33333333333333,11.843422928641308,A13,d916f34
1.0,8450400.0,False,1917.0,159.75,15999.0,12.0,True,-0.6723601925116397,0.2126374754715274,76.33333333333333,13.937957765277762,A13,d916f34
1.0,8450600.0,False,1947.0,162.25,16504.0,3.0,True,-1.0162464754294804,0.09632821763029686,66.66666666666667,7.447594690010102,A13,d916f34
1.0,8450800.0,False,1994.0,166.16666666666666,17162.0,5.0,True,-0.8787021044697839,0.13222022611517967,77.33333333333333,7.393691004272944,A13,d916f34
1.0,8451000.0,False,2007.0,167.25,18853.0,29.0,True,-0.6674711324998978,0.21504476145747714,71.0,6.324555320336759,A13,d916f34
1.0,8451200.0,False,1883.0,156.91666666666666,17028.0,19.0,True,-0.5908946684366647,0.2565106088796798,72.66666666666667,9.626352718795768,A13,d916f34
1.0,8451400.0,False,1965.0,163.75,17917.0,12.0,True,-0.5920648351220049,0.2558203948259814,72.0,12.049896265113654,A13,d916f34
1.0,8451600.0,False,1947.0,162.25,17047.0,37.0,True,-0.6265208356567061,0.2363084025416445,80.33333333333333,5.609515724790035,A13,d916f34
1.0,8451800.0,False,1943.0,161.91666666666666,17466.0,18.0,True,-0.8387976466304731,0.14494470455788444,75.83333333333333,5.382068994974579,A13,d916f34
1.0,8452000.0,False,1957.0,163.08333333333334,17633.0,15.0,True,-0.637381534417299,0.23047215655493777,76.66666666666667,6.121002096606949,A13,d916f34
1.0,8452200.0,False,1936.0,161.33333333333334,15805.0,21.0,True,-0.9214074664120016,0.11983744293882898,77.66666666666667,13.456101466125569,A13,d916f34
1.0,8452400.0,False,1882.0,156.83333333333334,15750.0,8.0,True,-0.678495494614418,0.20965465298234537,65.83333333333333,8.635199283552561,A13,d916f34
1.0,8452600.0,False,1966.0,163.83333333333334,15712.0,9.0,True,-0.7020478694536352,0.19858760151077204,78.16666666666667,13.39278412678509,A13,d916f34
1.0,8452800.0,False,1944.0,162.0,17789.0,13.0,True,-0.6480321580672761,0.22488880769603767,70.16666666666667,12.22156563892968,A13,d916f34
1.0,8453000.0,False,1994.0,166.16666666666666,17198.0,16.0,True,-0.9808408090330918,0.10451032323905121,82.16666666666667,8.109665015687558,A13,d916f34
1.0,8453200.0,False,2096.0,174.66666666666666,19305.0,39.0,True,-0.7325649230139494,0.1851122147855928,80.66666666666667,5.680375574437545,A13,d916f34
1.0,8453400.0,False,2006.0,167.16666666666666,16820.0,11.0,True,-0.7992300900407571,0.1587705356420746,82.33333333333333,9.811557810392124,A13,d916f34
1.0,8453600.0,False,1919.0,159.91666666666666,15937.0,1.0,True,-0.6238058511435915,0.2377903076977565,75.83333333333333,12.448560827126428,A13,d916f34
1.0,8453800.0,False,1976.0,164.66666666666666,18108.0,22.0,True,-0.6695296635468502,0.21402787346613739,69.0,13.579396157414365,A13,d916f34
1.0,8454000.0,False,1930.0,160.83333333333334,16468.0,3.0,True,-0.7188968019463345,0.1910307136213783,72.16666666666667,9.43221430347438,A13,d916f34
1.0,8454200.0,False,1920.0,160.0,15367.0,33.0,True,-0.8093986555699217,0.15509626681816077,80.0,7.0992957397195395,A13,d916f34
1.0,8454400.0,False,1908.0,159.0,16716.0,34.0,True,-0.7208982791722385,0.19015236042661787,78.16666666666667,13.287839051804724,A13,d916f34
1.0,8454600.0,False,2000.0,166.66666666666666,19264.0,9.0,True,-0.7981402685896215,0.15916945579355082,75.0,10.411532067856296,A13,d916f34
1.0,8454800.0,False,1993.0,166.08333333333334,17502.0,9.0,True,-0.6299647992201111,0.23444188293087043,73.83333333333333,7.305249254246338,A13,d916f34
1.0,8455000.0,False,2044.0,170.33333333333334,19878.0,32.0,True,-0.7696379567308903,0.16996599588063574,69.33333333333333,10.801234497346433,A13,d916f34
1.0,8455200.0,False,1984.0,165.33333333333334,17306.0,25.0,True,-0.734163165586378,0.1844322372200891,82.16666666666667,7.884584115009914,A13,d916f34
1.0,8455400.0,False,2002.0,166.83333333333334,18392.0,12.0,True,-0.9187086213709326,0.12058446992883279,74.83333333333333,8.795832346439232,A13,d916f34
1.0,8455600.0,False,1987.0,165.58333333333334,17766.0,4.0,True,-0.6990981596735966,0.19994099099289114,76.33333333333333,13.633292583476182,A13,d916f34
1.0,8455800.0,False,1974.0,164.5,18871.0,14.0,True,-0.7622881955343646,0.17286688429607058,74.83333333333333,10.998484744121194,A13,d916f34
1.0,8456000.0,False,1945.0,162.08333333333334,17694.0,30.0,True,-0.7801305587061745,0.16590880732058605,77.16666666666667,11.373946837693003,A13,d916f34
1.0,8456200.0,False,1956.0,163.0,16883.0,2.0,True,-0.6829854472493733,0.20749830467862013,75.16666666666667,7.082843120291926,A13,d916f34
1.0,8456400.0,False,1959.0,163.25,16524.0,0.0,True,-0.7217080289459947,0.18979814829387845,81.33333333333333,12.14358541233464,A13,d916f34
1.0,8456600.0,False,1978.0,164.83333333333334,18458.0,19.0,True,-0.7408495122040094,0.18161448678475076,81.33333333333333,6.531972647421808,A13,d916f34
1.0,8456800.0,False,1946.0,162.16666666666666,16366.0,6.0,True,-0.7029608485838738,0.1981705667462706,74.16666666666667,11.05290308772617,A13,d916f34
1.0,8457000.0,False,1980.0,165.0,16963.0,24.0,True,-0.5878911513972535,0.2582907471803817,74.33333333333333,14.094916341243984,A13,d916f34
1.5,8472000.0,False,2210.0,75.83333333333333,15106.0,29.0,True,-0.7901330986511605,0.16213131358011745,83.83333333333333,9.948199167018455,A13,d916f34
1.5,8472200.0,False,2224.0,76.31372549019608,16597.0,11.0,True,-0.8035479300760863,0.1571998292317855,77.0,5.253570214625479,A13,d916f34
1.5,8472400.0,False,2211.0,75.86764705882352,16902.0,11.0,True,-0.6620013020030745,0.2177703243648128,75.33333333333333,18.73677311242965,A13,d916f34
1.5,8472600.0,False,2201.0,75.52450980392156,14844.0,10.0,True,-0.8155281187246051,0.15292267322723962,78.0,17.58408371226661,A13,d916f34
1.5,8472800.0,False,2260.0,77.54901960784314,16096.0,5.0,True,-0.7299582551135508,0.18622661312283334,78.5,11.519548602267365,A13,d916f34
1.5,8473000.0,False,2265.0,77.72058823529412,15539.0,13.0,True,-0.6675487868544194,0.21500631365310513,72.33333333333333,14.8144074018054,A13,d916f34
1.5,8473200.0,False,2212.0,75.90196078431372,13464.0,3.0,True,-0.8306048973892664,0.14770496790634918,70.83333333333333,8.158839786799755,A13,d916f34
1.5,8473400.0,False,2163.0,74.22058823529412,14149.0,6.0,True,-1.0013705191649447,0.09968492371054416,73.83333333333333,15.600213673750327,A13,d916f34
1.5,8473600.0,False,2264.0,77.68627450980391,16948.0,8.0,True,-0.6409731263939156,0.2285740237781979,77.33333333333333,9.852241707685955,A13,d916f34
1.5,8473800.0,False,2135.0,73.25980392156862,13006.0,13.0,True,-0.6017790413269516,0.2501617801441094,71.5,10.21273714534943,A13,d916f34
1.5,8474000.0,False,2166.0,74.3235294117647,15334.0,56.0,True,-0.7021488165364147,0.1985414473222471,74.33333333333333,12.987173159185438,A13,d916f34
1.5,8474200.0,False,2183.0,74.90686274509802,15646.0,18.0,True,-0.8603280759591629,0.13793418846071676,77.66666666666667,4.273952113286562,A13,d916f34
1.5,8474400.0,False,2210.0,75.83333333333333,15819.0,30.0,True,-0.8530355004283391,0.14026990393886535,72.16666666666667,11.788412389574207,A13,d916f34
1.5,8474600.0,False,2266.0,77.75490196078431,16200.0,15.0,True,-0.624847855186036,0.23722046059636825,75.83333333333333,13.272779161376365,A13,d916f34
1.5,8474800.0,False,2193.0,75.24999999999999,16244.0,12.0,True,-0.6836650409616011,0.20717386060852122,78.83333333333333,6.337717780610515,A13,d916f34
1.5,8475000.0,False,2299.0,78.88725490196077,15390.0,24.0,True,-0.8117656240239155,0.15425326879484452,76.83333333333333,11.805366011550285,A13,d916f34
1.5,8475200.0,False,2209.0,75.79901960784314,15144.0,5.0,True,-0.8381246913935653,0.14516947579726508,75.33333333333333,5.085928299402841,A13,d916f34
1.5,8475400.0,False,2272.0,77.96078431372548,15461.0,55.0,True,-0.740983499687341,0.1815584641649,81.33333333333333,3.669695718539436,A13,d916f34
1.5,8475600.0,False,2209.0,75.79901960784314,14151.0,20.0,True,-0.6118818166632308,0.24440955670631198,64.66666666666667,12.290918056299402,A13,d916f34
1.5,8475800.0,False,2253.0,77.30882352941175,15831.0,10.0,True,-0.5213061348850009,0.3010882899735471,74.33333333333333,15.57776192739723,A13,d916f34
1.5,8476000.0,False,2161.0,74.15196078431372,13427.0,6.0,True,-0.8143777002395226,0.153328292663939,73.5,12.533953885346794,A13,d916f34
1.5,8476200.0,False,2200.0,75.49019607843137,15062.0,10.0,True,-0.847868438266022,0.1419487464864876,80.16666666666667,10.628577828979127,A13,d916f34
1.5,8476400.0,False,2185.0,74.97549019607843,15502.0,20.0,True,-1.208541052710698,0.061866984356228394,79.16666666666667,14.607075910895606,A13,d916f34
1.5,8476600.0,False,2229.0,76.48529411764704,14496.0,13.0,True,-0.6534207526257667,0.22211569494735048,72.5,19.39845354661036,A13,d916f34
1.5,8476800.0,False,2238.0,76.79411764705881,15430.0,23.0,True,-0.6937961578443596,0.2023968933740697,76.16666666666667,14.02022348847074,A13,d916f34
1.5,8477000.0,False,2279.0,78.20098039215685,17340.0,3.0,True,-0.6959483648796831,0.20139636843469402,76.16666666666667,14.607075910895604,A13,d916f34
1.5,8477200.0,False,2105.0,72.23039215686273,14880.0,0.0,True,-0.8758233221494395,0.1330995777945922,75.83333333333333,13.58553151947566,A13,d916f34
1.5,8477400.0,False,2235.0,76.69117647058823,15155.0,14.0,True,-0.5992474120728453,0.25162430475303044,74.0,11.331372379372237,A13,d916f34
1.5,8477600.0,False,2176.0,74.66666666666666,14046.0,2.0,True,-0.7945658996316838,0.1604848720662459,72.16666666666667,8.70440501508671,A13,d916f34
1.5,8477800.0,False,2235.0,76.69117647058823,15056.0,6.0,True,-0.8562594794813034,0.13923246771663028,75.16666666666667,10.225784403490358,A13,d916f34
1.5,8478000.0,False,2283.0,78.33823529411764,18058.0,12.0,True,-0.6480082396611334,0.22490119360050514,69.83333333333333,6.735478206235,A13,d916f34
1.5,8478200.0,False,2296.0,78.7843137254902,16882.0,16.0,True,-0.695444875161086,0.20162998826253958,79.16666666666667,17.724747294860556,A13,d916f34
1.5,8478400.0,False,2207.0,75.73039215686273,14959.0,67.0,True,-0.6117199833508958,0.24450064922583709,78.0,7.042726744663604,A13,d916f34
1.5,8478600.0,False,2247.0,77.10294117647058,16426.0,7.0,True,-0.8528259308830982,0.14033760775496956,71.16666666666667,9.887702800280087,A13,d916f34
1.5,8478800.0,False,2330.0,79.95098039215685,18828.0,13.0,True,-0.6710055340405721,0.21330177327830802,80.33333333333333,14.651507317223942,A13,d916f34
1.5,8479000.0,False,2161.0,74.15196078431372,15689.0,13.0,True,-0.689032996928462,0.20462891573785386,67.33333333333333,11.843422928641308,A13,d916f34
1.5,8479200.0,False,2188.0,75.078431372549,16655.0,10.0,True,-0.6809632167589417,0.20846674397447917,71.83333333333333,7.026141662866375,A13,d916f34
1.5,8479400.0,False,2279.0,78.20098039215685,16568.0,43.0,True,-0.6719721930050284,0.2128275310772511,66.33333333333333,9.025888691240695,A13,d916f34
1.5,8479600.0,False,2226.0,76.38235294117646,15653.0,6.0,True,-0.6627675061393699,0.2173864617360458,70.66666666666667,6.408327915038889,A13,d916f34
1.5,8479800.0,False,2160.0,74.11764705882352,15246.0,8.0,True,-0.7081636693415835,0.19581065973219294,70.66666666666667,7.420691791650335,A13,d916f34
1.5,8480000.0,False,2239.0,76.828431372549,17806.0,13.0,True,-0.7880624249232138,0.1629061856580432,79.0,10.488088481701515,A13,d916f34
1.5,8480200.0,False,2287.0,78.47549019607843,19013.0,29.0,True,-0.9451088576104143,0.11347263564242416,77.83333333333333,15.625833311112295,A13,d916f34
1.5,8480400.0,False,2200.0,75.49019607843137,16050.0,19.0,True,-0.6865417211384085,0.20580611703705826,75.5,16.59819267269783,A13,d916f34
1.5,8480600.0,False,2188.0,75.078431372549,14081.0,33.0,True,-0.7334570265693076,0.1847323578499061,81.83333333333333,11.338724208069737,A13,d916f34
1.5,8480800.0,False,2207.0,75.73039215686273,16953.0,14.0,True,-0.8479939232576822,0.1419077377587756,83.5,10.72846680565308,A13,d916f34
1.5,8481000.0,False,2217.0,76.0735294117647,14927.0,4.0,True,-0.7364204701805872,0.18347611254761537,83.0,6.418722614352485,A13,d916f34
1.5,8481200.0,False,2298.0,78.85294117647058,16453.0,22.0,True,-0.6260444593504624,0.2365677507281927,76.33333333333333,16.729215960907034,A13,d916f34
1.5,8481400.0,False,2186.0,75.00980392156862,13333.0,8.0,True,-0.5733361011486566,0.2670938565265233,73.16666666666667,13.272779161376365,A13,d916f34
1.5,8481600.0,False,2183.0,74.90686274509802,16612.0,3.0,True,-0.6074692272365977,0.24690550483103205,74.66666666666667,15.920636503188767,A13,d916f34
1.5,8481800.0,False,2215.0,76.00490196078431,16469.0,7.0,True,-0.6857891995904336,0.20616303567160965,76.33333333333333,12.242004193213898,A13,d916f34
1.5,8482000.0,False,2228.0,76.45098039215685,16788.0,31.0,True,-0.6746582789850247,0.2115152675600657,77.5,8.826097665446492,A13,d916f34
1.5,8482200.0,False,2286.0,78.44117647058823,15424.0,8.0,True,-0.7233151145824334,0.18909710734863344,87.33333333333333,17.33974240485327,A13,d916f34
1.5,8482400.0,False,2296.0,78.7843137254902,14700.0,5.0,True,-0.9169114270331611,0.12108450563362345,80.66666666666667,16.169930941926335,A13,d916f34
1.5,8482600.0,False,2256.0,77.41176470588235,16217.0,7.0,True,-0.8121817206768617,0.15410554983010083,79.33333333333333,8.2138095100061,A13,d916f34
1.5,8482800.0,False,2266.0,77.75490196078431,15048.0,8.0,True,-0.8352737963245529,0.1461255650963421,78.33333333333333,12.956336930887012,A13,d916f34
1.5,8483000.0,False,2235.0,76.69117647058823,14396.0,13.0,True,-0.5854940195029712,0.259720350621495,78.5,14.869431730903505,A13,d916f34
1.5,8483200.0,False,2203.0,75.59313725490195,15060.0,13.0,True,-0.752366568189804,0.17686155203353665,76.0,11.610340218959994,A13,d916f34
1.5,8483400.0,False,2151.0,73.80882352941175,14976.0,17.0,True,-0.5761373717160059,0.2653766016301796,73.66666666666667,14.881756168768074,A13,d916f34
1.5,8483600.0,False,2174.0,74.59803921568627,16086.0,7.0,True,-0.7478435366022305,0.17871313091961222,70.83333333333333,5.564770136013406,A13,d916f34
1.5,8483800.0,False,2244.0,76.99999999999999,16947.0,7.0,True,-0.7648356465333341,0.17185586317317555,79.0,13.130118049735882,A13,d916f34
1.5,8484000.0,False,2192.0,75.21568627450979,15771.0,4.0,True,-0.714728468053414,0.19287304275696948,75.0,17.481418706729727,A13,d916f34
1.5,8484200.0,False,2226.0,76.38235294117646,14754.0,8.0,True,-0.9457951512615395,0.11329346216990968,75.5,12.373358476985947,A13,d916f34
1.5,8484400.0,False,2175.0,74.63235294117646,14549.0,24.0,True,-0.7330876354901877,0.18488954960886295,65.0,12.181953866272849,A13,d916f34
1.5,8484600.0,False,2140.0,73.4313725490196,15037.0,14.0,True,-0.6346829700212205,0.23190869390208896,69.66666666666667,13.647954669717608,A13,d916f34
1.5,8484800.0,False,2252.0,77.27450980392156,16098.0,23.0,True,-0.7009080984420417,0.19910946322500161,74.66666666666667,10.462631918722298,A13,d916f34
1.5,8485000.0,False,2230.0,76.51960784313725,15382.0,8.0,True,-0.768223218277327,0.17052057236631965,73.5,16.76603709884957,A13,d916f34
1.5,8485200.0,False,2196.0,75.35294117647058,14976.0,15.0,True,-0.9489250935629713,0.1124798960813175,77.16666666666667,8.376554582086042,A13,d916f34
1.5,8485400.0,False,2157.0,74.01470588235293,14156.0,5.0,True,-0.5889593352026782,0.25765623999541265,78.33333333333333,8.71014733897577,A13,d916f34
1.5,8485600.0,False,2196.0,75.35294117647058,14683.0,99.0,True,-0.9003516651076574,0.1257906423611179,80.66666666666667,14.151560573543353,A13,d916f34
1.5,8485800.0,False,2130.0,73.08823529411764,13078.0,7.0,True,-0.7252858584810357,0.18824096542241447,80.5,16.48939052845799,A13,d916f34
1.5,8486000.0,False,2205.0,75.66176470588235,15594.0,7.0,True,-0.7616254384003517,0.1731308900091592,73.66666666666667,14.165686240583852,A13,d916f34
1.5,8486200.0,False,2163.0,74.22058823529412,14857.0,12.0,True,-0.6758562848723493,0.2109326044847058,76.0,13.942740046346701,A13,d916f34
1.5,8486400.0,False,2276.0,78.09803921568627,16459.0,7.0,True,-0.6327196504619873,0.23295945924820088,76.5,7.286974680894672,A13,d916f34
1.5,8486600.0,False,2160.0,74.11764705882352,14827.0,59.0,True,-0.8053492400288984,0.1565491666028293,74.16666666666667,8.635199283552561,A13,d916f34
1.5,8486800.0,False,2195.0,75.31862745098039,14287.0,10.0,True,-1.009488804582074,0.09783881757436397,73.5,9.289779329994873,A13,d916f34
1.5,8487000.0,False,2247.0,77.10294117647058,14483.0,55.0,True,-0.7206821232355884,0.19024702612861366,73.16666666666667,9.086620200419222,A13,d916f34
1.5,8487200.0,False,2277.0,78.13235294117646,18228.0,18.0,True,-0.7478325661493995,0.17871764534200818,79.5,8.312640976248161,A13,d916f34
1.5,8487400.0,False,2204.0,75.62745098039215,17512.0,25.0,True,-0.6377271862774959,0.23028879839657468,75.5,10.173494974687902,A13,d916f34
1.5,8487600.0,False,2231.0,76.55392156862744,16768.0,30.0,True,-0.8941119280138724,0.12761098825692865,82.16666666666667,13.644290625263986,A13,d916f34
1.5,8487800.0,False,2183.0,74.90686274509802,14116.0,10.0,True,-0.7630850164199434,0.1725500079273693,70.0,14.25482374496437,A13,d916f34
1.5,8488000.0,False,2197.0,75.38725490196077,16982.0,13.0,True,-0.7626298299446399,0.17273095336407301,77.16666666666667,12.921558213569549,A13,d916f34
1.5,8488200.0,False,2169.0,74.42647058823529,13557.0,15.0,True,-0.6739743049482984,0.21184864718839205,77.66666666666667,8.115828156551041,A13,d916f34
1.5,8488400.0,False,2235.0,76.69117647058823,17387.0,28.0,True,-0.670347897550625,0.21362501314358046,79.16666666666667,17.57744767213564,A13,d916f34
1.5,8488600.0,False,2231.0,76.55392156862744,16947.0,28.0,True,-0.7720843496771911,0.16901126421833873,79.5,11.554220008291344,A13,d916f34
1.5,8488800.0,False,2231.0,76.55392156862744,15763.0,8.0,True,-0.5297850099349942,0.2952670534051711,74.16666666666667,8.207719943240429,A13,d916f34
1.5,8489000.0,False,2240.0,76.86274509803921,14906.0,18.0,True,-0.5341741731622793,0.29229798859680756,64.0,6.06630035524124,A13,d916f34
1.5,8489200.0,False,2174.0,74.59803921568627,13520.0,13.0,True,-0.6079067843557179,0.24665686972116313,75.0,13.885243966167826,A13,d916f34
1.5,8489400.0,False,2239.0,76.828431372549,13847.0,23.0,True,-0.6259189273697824,0.23663614006277806,75.5,12.21065108829173,A13,d916f34
1.5,8489600.0,False,2302.0,78.99019607843137,15887.0,21.0,True,-0.7699308094976238,0.1698514233132062,83.33333333333333,7.865536642001401,A13,d916f34
1.5,8489800.0,False,2206.0,75.69607843137254,13879.0,12.0,True,-0.6653634937500692,0.21609091390735236,73.0,11.29601699715435,A13,d916f34
1.5,8490000.0,False,2232.0,76.58823529411764,18661.0,14.0,True,-0.7875892152630214,0.163083785874971,77.5,18.96048522585854,A13,d916f34
1.5,8490200.0,False,2229.0,76.48529411764704,17818.0,30.0,True,-0.6656567342589241,0.21594505614474252,71.0,4.381780460041329,A13,d916f34
1.5,8490400.0,False,2249.0,77.17156862745097,17498.0,11.0,True,-0.6254644486595422,0.2368839036979256,79.66666666666667,8.846845012017937,A13,d916f34
1.5,8490600.0,False,2156.0,73.98039215686273,14037.0,5.0,True,-0.5149568750169674,0.3055224478714894,59.833333333333336,9.020347369512255,A13,d916f34
1.5,8490800.0,False,2226.0,76.38235294117646,15639.0,2.0,True,-0.7270295079346893,0.18748671167736214,80.5,16.67033293008871,A13,d916f34
1.5,8491000.0,False,2180.0,74.80392156862744,14099.0,10.0,True,-0.7373965264557931,0.18306422170202769,72.66666666666667,10.893423092245461,A13,d916f34
1.5,8491200.0,False,2215.0,76.00490196078431,14584.0,28.0,True,-0.6595167743459439,0.21901972314707568,78.16666666666667,10.381072520056234,A13,d916f34
1.5,8491400.0,False,2222.0,76.24509803921568,16494.0,32.0,True,-0.6121606069863427,0.24425271116423097,77.16666666666667,20.28217608311955,A13,d916f34
1.5,8491600.0,False,2203.0,75.59313725490195,16062.0,17.0,True,-0.7705026985237828,0.16962790622606033,80.5,5.089204259999788,A13,d916f34
1.5,8491800.0,False,2232.0,76.58823529411764,15870.0,1.0,True,-0.7378882161614777,0.18285708147098645,79.5,14.625320509308505,A13,d916f34
1.5,8492000.0,False,2222.0,76.24509803921568,16640.0,17.0,True,-0.6391215549811149,0.22955060674190234,78.16666666666667,11.089033621856625,A13,d916f34
1.5,8492200.0,False,2335.0,80.12254901960783,16782.0,15.0,True,-0.7568495687988918,0.17504529066276814,82.33333333333333,8.66410218468519,A13,d916f34
1.5,8492400.0,False,2174.0,74.59803921568627,16402.0,5.0,True,-0.8373304405681069,0.14543520902216883,70.83333333333333,10.55304063607578,A13,d916f34
1.5,8492600.0,False,2303.0,79.02450980392156,17532.0,10.0,True,-0.6213280231830817,0.23915087644211525,76.16666666666667,7.985403350280227,A13,d916f34
1.5,8492800.0,False,2173.0,74.56372549019608,13101.0,4.0,True,-0.6351501466378972,0.23165936062311232,71.5,9.565563234854496,A13,d916f34
1.5,8493000.0,False,2217.0,76.0735294117647,14332.0,11.0,True,-0.6699673925631355,0.21381226167111073,82.83333333333333,11.856081421222893,A13,d916f34
1.5,8493200.0,False,2202.0,75.55882352941175,16968.0,11.0,True,-0.7677270746131932,0.17071548860203642,77.66666666666667,11.826523862347154,A13,d916f34
1.5,8493400.0,False,2128.0,73.01960784313725,13541.0,36.0,True,-0.8339355244005425,0.14657654331520756,81.66666666666667,11.587349423689037,A13,d916f34
1.5,8493600.0,False,2250.0,77.20588235294117,15947.0,11.0,True,-0.8279651038438864,0.14860550440469003,91.5,14.679918255903198,A13,d916f34
1.5,8493800.0,False,2213.0,75.93627450980391,15072.0,10.0,True,-0.6558073596679708,0.22089843565995554,83.33333333333333,10.726913193769523,A13,d916f34
1.5,8494000.0,False,2271.0,77.92647058823529,14607.0,1.0,True,-0.7215612732042581,0.1898622952630362,74.16666666666667,12.921558213569547,A13,d916f34
1.5,8494200.0,False,2178.0,74.73529411764706,16433.0,1.0,True,-0.7060929690143668,0.19674650712121827,72.0,15.937377450509228,A13,d916f34
1.5,8494400.0,False,2255.0,77.37745098039215,15429.0,16.0,True,-0.7181662098678612,0.19135234557820902,76.33333333333333,8.57126983980009,A13,d916f34
1.5,8494600.0,False,2282.0,78.30392156862744,16952.0,15.0,True,-0.9537985603008002,0.11122475036936227,90.16666666666667,2.9268868558020253,A13,d916f34
1.5,8494800.0,False,2191.0,75.1813725490196,17317.0,65.0,True,-0.9288875812107056,0.11779108407917299,83.66666666666667,10.327955589886445,A13,d916f34
1.5,8495000.0,False,2263.0,77.65196078431372,14811.0,6.0,True,-0.8908886301800472,0.12856162991746384,78.33333333333333,14.052283325732748,A13,d916f34
1.5,8495200.0,False,2150.0,73.77450980392156,16414.0,2.0,True,-0.7470693426125211,0.17903199757175875,70.16666666666667,14.441837371562757,A13,d916f34
1.5,8495400.0,False,2112.0,72.47058823529412,13806.0,8.0,True,-0.7287855609306346,0.18673014698699836,69.33333333333333,14.500574701254662,A13,d916f34
1.5,8495600.0,False,2244.0,76.99999999999999,16342.0,12.0,True,-0.8948712722908783,0.127388061156133,74.33333333333333,10.948363652467279,A13,d916f34
1.5,8495800.0,False,2167.0,74.35784313725489,13671.0,13.0,True,-0.7685705142162933,0.17038426524718592,73.66666666666667,7.366591251499344,A13,d916f34
1.5,8496000.0,False,2214.0,75.97058823529412,16094.0,9.0,True,-0.5472324589684733,0.28364004201362747,69.5,9.669539802906858,A13,d916f34
1.5,8496200.0,False,2189.0,75.11274509803921,13408.0,7.0,True,-0.4844894129028864,0.3277257659055727,72.5,13.367871932360812,A13,d916f34
1.5,8496400.0,False,2270.0,77.8921568627451,14760.0,9.0,True,-0.7094243402970632,0.19524308430640236,77.83333333333333,12.544587146122693,A13,d916f34
1.5,8496600.0,False,2278.0,78.16666666666666,16352.0,17.0,True,-0.796088591443295,0.1599231769111263,85.66666666666667,17.795130420052185,A13,d916f34
1.5,8496800.0,False,2271.0,77.92647058823529,17945.0,16.0,True,-0.7382360507970491,0.1827106864212878,79.66666666666667,15.629032812898778,A13,d916f34
1.5,8497000.0,False,2191.0,75.1813725490196,18343.0,16.0,True,-1.2052019465598023,0.06234448667442973,78.16666666666667,10.381072520056234,A13,d916f34
1.5,8497200.0,False,2165.0,74.2892156862745,14164.0,20.0,True,-0.6881555920976508,0.20504274527879898,72.33333333333333,12.225656083281038,A13,d916f34
1.5,8497400.0,False,2305.0,79.09313725490195,18915.0,16.0,True,-0.7984965339987566,0.15903893762921828,79.33333333333333,15.409953493332374,A13,d916f34
1.5,8497600.0,False,2302.0,78.99019607843137,16440.0,22.0,True,-0.7363078087678646,0.1835237147167651,74.83333333333333,9.261029460414575,A13,d916f34
1.5,8497800.0,False,2144.0,73.56862745098039,15640.0,10.0,True,-0.6817347256686513,0.20809673886579858,74.16666666666667,11.267948645013727,A13,d916f34
1.5,8498000.0,False,2199.0,75.45588235294117,13564.0,6.0,True,-0.7121383045367381,0.19402678854341904,80.83333333333333,15.11842143435176,A13,d916f34
1.5,8498200.0,False,2295.0,78.74999999999999,18196.0,8.0,True,-0.7497327303955936,0.17793741195748325,71.5,8.573214099741124,A13,d916f34
1.5,8498400.0,False,2238.0,76.79411764705881,13952.0,4.0,True,-0.6550472707133252,0.2212853838775436,75.83333333333333,8.256310717667223,A13,d916f34
1.5,8498600.0,False,2161.0,74.15196078431372,14388.0,12.0,True,-0.6783712668145274,0.2097146322423415,72.66666666666667,8.334666560017064,A13,d916f34
1.5,8498800.0,False,2141.0,73.46568627450979,15071.0,19.0,True,-0.867626535342818,0.1356355287225636,74.83333333333333,7.756717518813397,A13,d916f34
1.5,8499000.0,False,2313.0,79.36764705882352,16425.0,30.0,True,-0.7459272890232543,0.17950341320545654,81.0,17.81010948871455,A13,d916f34
1.5,8499200.0,False,2266.0,77.75490196078431,16816.0,39.0,True,-0.7556405716347301,0.1755332639415815,78.66666666666667,6.3456021516217564,A13,d916f34
1.5,8499400.0,False,2291.0,78.61274509803921,16570.0,2.0,True,-0.6421035101226721,0.2279798638061311,72.16666666666667,13.673575489485794,A13,d916f34
1.5,8499600.0,False,2214.0,75.97058823529412,13925.0,8.0,True,-0.656069453756348,0.22076516501054905,79.33333333333333,14.165686240583852,A13,d916f34
1.5,8499800.0,False,2236.0,76.72549019607843,16608.0,8.0,True,-0.7328151838097431,0.18500557519661007,81.5,10.8397416943394,A13,d916f34
1.5,8500000.0,False,2226.0,76.38235294117646,16643.0,10.0,True,-0.5894746722345741,0.25735068452578735,74.66666666666667,11.325487480310358,A13,d916f34
1.5,8500200.0,False,2192.0,75.21568627450979,13868.0,48.0,True,-0.7624250322013485,0.17281242631158245,74.66666666666667,8.914407813571616,A13,d916f34
1.5,8500400.0,False,2264.0,77.68627450980391,14686.0,4.0,True,-0.786372147614903,0.16354145315821877,85.16666666666667,16.191561588267717,A13,d916f34
1.5,8500600.0,False,2291.0,78.61274509803921,17838.0,11.0,True,-0.8881661224960959,0.12937008917354176,87.66666666666667,18.304826321674476,A13,d916f34
1.5,8500800.0,False,2223.0,76.27941176470587,15776.0,17.0,True,-0.683784969270256,0.2071166584530743,73.5,11.65761553663527,A13,d916f34
1.5,8501000.0,False,2179.0,74.76960784313725,16178.0,19.0,True,-0.7667146038929417,0.17111394189510176,76.0,15.594870951694341,A13,d916f34
1.5,8501200.0,False,2199.0,75.45588235294117,13557.0,9.0,True,-0.5598845463081452,0.27549609901988165,77.16666666666667,8.975893641675277,A13,d916f34
1.5,8501400.0,False,2192.0,75.21568627450979,14874.0,5.0,True,-0.9259437476666645,0.11859223457413362,78.83333333333333,8.0601902376226,A13,d916f34
1.5,8501600.0,False,2223.0,76.27941176470587,14796.0,20.0,True,-0.8374310065479825,0.14540153569300607,72.33333333333333,11.003029885748138,A13,d916f34
1.5,8501800.0,False,2189.0,75.11274509803921,12659.0,17.0,True,-0.663019349150613,0.21726043805215856,75.66666666666667,3.614784456460256,A13,d916f34
1.5,8502000.0,False,2150.0,73.77450980392156,14596.0,30.0,True,-0.6375445482796742,0.23038566430643723,62.833333333333336,7.082843120291926,A13,d916f34
1.5,8502200.0,False,2157.0,74.01470588235293,13996.0,5.0,True,-0.7555095016402832,0.17558624784309093,70.83333333333333,4.915960401250875,A13,d916f34
1.5,8502400.0,False,2224.0,76.31372549019608,13621.0,75.0,True,-0.7379305376942847,0.18283926311215698,88.5,6.774953874381729,A13,d916f34
1.5,8502600.0,False,2259.0,77.51470588235293,15691.0,5.0,True,-0.7795265169812416,0.1661397233732484,78.16666666666667,13.963046467969182,A13,d916f34
1.5,8502800.0,False,2201.0,75.52450980392156,15797.0,8.0,True,-0.6283326080988076,0.23532463399895182,71.16666666666667,3.600925806881706,A13,d916f34
1.5,8503000.0,False,2172.0,74.52941176470587,14337.0,7.0,True,-0.7092029049641312,0.19534265900264924,76.16666666666667,11.68617416722285,A13,d916f34
1.5,8503200.0,False,2175.0,74.63235294117646,14351.0,28.0,True,-0.7919942949523916,0.16143797637570384,78.0,11.64474130240771,A13,d916f34
1.5,8503400.0,False,2304.0,79.05882352941175,17789.0,12.0,True,-0.9248300680376725,0.11889673589133122,70.66666666666667,12.612163441165304,A13,d916f34
1.5,8503600.0,False,2318.0,79.5392156862745,15306.0,16.0,True,-0.6927651541734478,0.20287794905339018,81.83333333333333,16.067565673326705,A13,d916f34
1.5,8503800.0,False,2293.0,78.6813725490196,16690.0,4.0,True,-0.7215336363350852,0.18987437777062788,75.83333333333333,5.8109092805400655,A13,d916f34
1.5,8504000.0,False,2170.0,74.46078431372548,13742.0,64.0,True,-0.548586367917188,0.2827571737412643,69.33333333333333,13.485794995722967,A13,d916f34
1.5,8504200.0,False,2221.0,76.21078431372548,15450.0,5.0,True,-0.7312129903628108,0.18568935583445317,79.66666666666667,5.00666222813829,A13,d916f34
1.5,8504400.0,False,2213.0,75.93627450980391,14876.0,18.0,True,-0.795512692917543,0.16013538456558626,72.33333333333333,8.238122763510306,A13,d916f34
1.5,8504600.0,False,2201.0,75.52450980392156,15469.0,36.0,True,-1.0769676038686804,0.08375917598274836,70.66666666666667,15.769168230019828,A13,d916f34
1.5,8504800.0,False,2208.0,75.76470588235293,14152.0,30.0,True,-0.6859729680114319,0.20607581779848122,77.83333333333333,14.770466027403018,A13,d916f34
1.5,8505000.0,False,2203.0,75.59313725490195,16657.0,12.0,True,-0.9057705815321483,0.12423083905822636,79.0,17.017637908946117,A13,d916f34
1.5,8505200.0,False,2222.0,76.24509803921568,16831.0,6.0,True,-0.6163611989508824,0.2419016334986229,73.5,18.414668066516974,A13,d916f34
1.5,8505400.0,False,2228.0,76.45098039215685,18065.0,7.0,True,-0.6595883688674987,0.2189836201788819,63.666666666666664,10.764137989949157,A13,d916f34
1.5,8505600.0,False,2220.0,76.17647058823529,15064.0,7.0,True,-0.6597090064667488,0.2189227997205817,74.83333333333333,7.494442385305705,A13,d916f34
1.5,8505800.0,False,2241.0,76.8970588235294,15553.0,14.0,True,-0.9849980373469024,0.10351468446793073,73.83333333333333,6.911343333004567,A13,d916f34
1.5,8506000.0,False,2255.0,77.37745098039215,16955.0,6.0,True,-0.7279263363129872,0.18709994665967583,72.16666666666667,13.3628839202721,A13,d916f34
1.5,8506200.0,False,2153.0,73.87745098039215,14126.0,25.0,True,-0.677802151409068,0.20998963012652203,72.83333333333333,10.722251007445529,A13,d916f34
1.5,8506400.0,False,2197.0,75.38725490196077,16828.0,21.0,True,-0.6527891635019478,0.22243895006680076,73.66666666666667,15.31883372410141,A13,d916f34
1.5,8506600.0,False,2254.0,77.34313725490195,15465.0,6.0,True,-0.7904129881809292,0.1620268585628284,80.16666666666667,13.862419221285537,A13,d916f34
1.5,8506800.0,False,2234.0,76.65686274509802,14709.0,11.0,True,-0.780244416883884,0.16586531701784674,78.83333333333333,13.332916660156046,A13,d916f34
1.5,8507000.0,False,2195.0,75.31862745098039,14215.0,27.0,True,-0.7964087658036312,0.15980532040276865,76.83333333333333,10.609743949156675,A13,d916f34
1.5,8507200.0,False,2214.0,75.97058823529412,15714.0,62.0,True,-0.6579958474294828,0.21978808880454892,80.5,17.40976737351766,A13,d916f34
1.5,8507400.0,False,2233.0,76.62254901960783,15279.0,25.0,True,-0.8374782819788599,0.14538570876814885,80.66666666666667,10.053191864610296,A13,d916f34
1.5,8507600.0,False,2191.0,75.1813725490196,14928.0,13.0,True,-0.7417581951922624,0.1812348884384478,76.16666666666667,9.683318990236078,A13,d916f34
1.5,8507800.0,False,2296.0,78.7843137254902,15243.0,49.0,True,-0.7276253455233551,0.18722966251473852,74.0,10.862780491200215,A13,d916f34
1.5,8508000.0,False,2196.0,75.35294117647058,15677.0,9.0,True,-0.9057062860950751,0.12424923226309786,77.16666666666667,9.389710680668848,A13,d916f34
1.5,8508200.0,False,2246.0,77.06862745098039,17548.0,9.0,True,-0.6511333662602343,0.22328864267788548,67.33333333333333,8.914407813571616,A13,d916f34
1.5,8508400.0,False,2226.0,76.38235294117646,15437.0,15.0,True,-0.7924216729408994,0.1612791875734023,78.5,13.21741275741966,A13,d916f34
1.5,8508600.0,False,2193.0,75.24999999999999,13720.0,3.0,True,-0.7482928095718121,0.17852834970176237,77.33333333333333,7.339391437078873,A13,d916f34
1.5,8508800.0,False,2274.0,78.02941176470587,14218.0,14.0,True,-0.6320948971365661,0.23329482370212443,79.0,17.134759992483115,A13,d916f34
1.5,8509000.0,False,2201.0,75.52450980392156,14562.0,18.0,True,-0.6375197430843432,0.2303988234066519,74.66666666666667,10.819735055289787,A13,d916f34
1.5,8509200.0,False,2220.0,76.17647058823529,16057.0,3.0,True,-0.616727780974984,0.24169753379385878,75.33333333333333,17.59166469287846,A13,d916f34
1.5,8509400.0,False,2229.0,76.48529411764704,17640.0,12.0,True,-0.6384036664508174,0.22993036754933843,76.0,17.504285189632853,A13,d916f34
1.5,8509600.0,False,2199.0,75.45588235294117,15247.0,13.0,True,-0.7163588871908307,0.1921503203319706,79.5,21.239114859146085,A13,d916f34
1.5,8509800.0,False,2133.0,73.19117647058823,15071.0,9.0,True,-0.7366880282154916,0.18336311228729874,69.5,6.6558245169174945,A13,d916f34
1.5,8510000.0,False,2173.0,74.56372549019608,14927.0,23.0,True,-0.6880518701319187,0.20509172120947394,65.33333333333333,13.140268896284683,A13,d916f34
1.5,8510200.0,False,2109.0,72.36764705882352,14421.0,5.0,True,-0.6168225090656876,0.2416448206002606,69.5,19.70532922840925,A13,d916f34
1.5,8510400.0,False,2197.0,75.38725490196077,16482.0,5.0,True,-0.780283919174191,0.16585023102848326,75.33333333333333,15.02886112340741,A13,d916f34
1.5,8510600.0,False,2314.0,79.40196078431372,16465.0,3.0,True,-0.782469025120899,0.16501786916544486,72.33333333333333,10.68955876856789,A13,d916f34
1.5,8510800.0,False,2159.0,74.08333333333333,15200.0,8.0,True,-0.68772785445858,0.20524479183429456,70.66666666666667,11.448435118681795,A13,d916f34
1.5,8511000.0,False,2199.0,75.45588235294117,15596.0,10.0,True,-0.7619959602012967,0.1729832450007589,81.83333333333333,15.380723866797254,A13,d916f34
1.5,8511200.0,False,2205.0,75.66176470588235,14275.0,7.0,True,-0.7913028005084942,0.16169522667089548,77.5,13.86722755275906,A13,d916f34
1.5,8511400.0,False,2239.0,76.828431372549,14934.0,22.0,True,-0.6944347731233,0.2020994943306989,74.83333333333333,12.367969383316998,A13,d916f34
1.5,8511600.0,False,2163.0,74.22058823529412,16082.0,12.0,True,-0.6294955665629564,0.23469532211217542,72.33333333333333,10.576703960434303,A13,d916f34
1.5,8511800.0,False,2247.0,77.10294117647058,15829.0,1.0,True,-0.9183552235446051,0.12068263289031247,80.33333333333333,12.127104628338401,A13,d916f34
1.5,8512000.0,False,2216.0,76.0392156862745,18467.0,31.0,True,-0.9367635746325172,0.11567417889322987,85.0,14.656056768449009,A13,d916f34
1.5,8512200.0,False,2261.0,77.58333333333333,15235.0,16.0,True,-0.5900775357585484,0.25699369240783143,74.5,8.240145629781066,A13,d916f34
1.5,8512400.0,False,2129.0,73.05392156862744,15115.0,70.0,True,-0.8708390772766541,0.13463591392187796,71.16666666666667,8.471520918150805,A13,d916f34
1.5,8512600.0,False,2273.0,77.99509803921568,16011.0,39.0,True,-0.7053579181170153,0.19707978593671188,69.66666666666667,8.16496580927726,A13,d916f34
1.5,8512800.0,False,2191.0,75.1813725490196,17754.0,4.0,True,-0.8298033044326426,0.14797784403307157,77.83333333333333,8.376554582086042,A13,d916f34
1.5,8513000.0,False,2256.0,77.41176470588235,16088.0,18.0,True,-0.5670167417779912,0.2710087157728821,67.33333333333333,10.93008081702357,A13,d916f34
1.5,8513200.0,False,2200.0,75.49019607843137,13095.0,21.0,True,-0.9216403092336525,0.11977321046337261,83.5,7.341661937191061,A13,d916f34
1.5,8513400.0,False,2205.0,75.66176470588235,15452.0,17.0,True,-0.7831034285237827,0.16477699234808724,76.5,13.516656391282572,A13,d916f34
1.5,8513600.0,False,2257.0,77.44607843137254,16416.0,13.0,True,-0.6634645193546874,0.21703785101835718,75.16666666666667,13.39278412678509,A13,d916f34
1.5,8513800.0,False,2228.0,76.45098039215685,14658.0,2.0,True,-0.8385760406526748,0.1450186838754936,71.33333333333333,9.791152468768253,A13,d916f34
1.5,8514000.0,False,2220.0,76.17647058823529,17016.0,5.0,True,-0.5939457600831636,0.2547148351233529,79.33333333333333,12.971764207950539,A13,d916f34
1.5,8514200.0,False,2257.0,77.44607843137254,15512.0,8.0,True,-0.8243425188906941,0.14985025320184736,82.83333333333333,15.930055450834647,A13,d916f34
1.5,8514400.0,False,2196.0,75.35294117647058,13465.0,40.0,True,-0.726172940281044,0.18785686035755808,76.66666666666667,13.589211407093005,A13,d916f34
1.5,8514600.0,False,2259.0,77.51470588235293,15970.0,2.0,True,-0.6750059655063312,0.21134600089689262,75.16666666666667,8.565434412022933,A13,d916f34
1.5,8514800.0,False,2199.0,75.45588235294117,15359.0,19.0,True,-0.7785657011025248,0.16650769119333897,77.83333333333333,16.09244128983128,A13,d916f34
1.5,8515000.0,False,2195.0,75.31862745098039,14526.0,16.0,True,-0.6751424483159139,0.2112795930441666,75.5,8.526429498916883,A13,d916f34
1.5,8515200.0,False,2192.0,75.21568627450979,15471.0,56.0,True,-0.6496067047778588,0.22407494331087635,72.0,10.295630140987,A13,d916f34
1.5,8515400.0,False,2217.0,76.0735294117647,15332.0,29.0,True,-0.737131155052785,0.1831761154897047,78.0,18.72965562950905,A13,d916f34
1.5,8515600.0,False,2210.0,75.83333333333333,15373.0,34.0,True,-0.8786121480057625,0.13224761604624546,73.0,12.727922061357855,A13,d916f34
1.5,8515800.0,False,2250.0,77.20588235294117,18377.0,8.0,True,-0.6476196803069799,0.2251025007094485,73.16666666666667,22.39121851679061,A13,d916f34
1.5,8516000.0,False,2202.0,75.55882352941175,17456.0,9.0,True,-0.619329218260949,0.24025408560813635,76.0,11.865917579353061,A13,d916f34
1.5,8516200.0,False,2309.0,79.23039215686273,15394.0,23.0,True,-0.5934652489763905,0.2549968120916991,77.66666666666667,10.500793620801558,A13,d916f34
1.5,8516400.0,False,2301.0,78.95588235294117,17399.0,10.0,True,-0.6504625319488644,0.22363381268402205,72.83333333333333,3.0605010483034745,A13,d916f34
1.5,8516600.0,False,2274.0,78.02941176470587,18571.0,22.0,True,-0.6382981066649441,0.2299862613065073,79.16666666666667,8.134289561274953,A13,d916f34
1.5,8516800.0,False,2174.0,74.59803921568627,14254.0,13.0,True,-0.7401544927342124,0.1819053646694856,74.16666666666667,14.330619898199332,A13,d916f34
1.5,8517000.0,False,2154.0,73.91176470588235,15068.0,8.0,True,-0.7845397682873302,0.16423292649189036,68.5,7.816648898345122,A13,d916f34
1.5,8517200.0,False,2226.0,76.38235294117646,14762.0,8.0,True,-0.8007318327999057,0.15822247263370198,79.33333333333333,8.93681524183345,A13,d916f34
1.5,8517400.0,False,2211.0,75.86764705882352,15995.0,42.0,True,-0.5746178844350533,0.2663067138523099,82.66666666666667,18.54364221685337,A13,d916f34
1.5,8517600.0,False,2154.0,73.91176470588235,15216.0,10.0,True,-0.77242096160092,0.16888031812693016,77.0,5.865151319446072,A13,d916f34
1.5,8517800.0,False,2221.0,76.21078431372548,15382.0,4.0,True,-0.6477177929862343,0.22505165291867235,72.0,8.809086218218097,A13,d916f34
1.5,8518000.0,False,2245.0,77.0343137254902,16807.0,33.0,True,-0.844530906001919,0.1430438181925266,75.66666666666667,6.282250127674532,A13,d916f34
1.5,8518200.0,False,2273.0,77.99509803921568,16379.0,6.0,True,-0.7663077613028452,0.1712743147766146,82.16666666666667,8.70440501508671,A13,d916f34
1.5,8518400.0,False,2197.0,75.38725490196077,15212.0,31.0,True,-0.8323580188421118,0.14710992740124954,71.66666666666667,11.707547423208101,A13,d916f34
1.5,8518600.0,False,2194.0,75.2843137254902,14790.0,18.0,True,-0.6198857263763529,0.23994641943616446,74.5,12.437845472588892,A13,d916f34
1.5,8518800.0,False,2156.0,73.98039215686273,14643.0,9.0,True,-0.8437496424349044,0.14330137500711743,69.66666666666667,12.436505404118419,A13,d916f34
1.5,8519000.0,False,2186.0,75.00980392156862,14838.0,18.0,True,-0.7617386903981815,0.17308574814417535,77.66666666666667,11.74166370948626,A13,d916f34
1.5,8519200.0,False,2145.0,73.60294117647058,14489.0,6.0,True,-0.897184194589292,0.12671143386355987,81.83333333333333,6.705718952257592,A13,d916f34
1.5,8519400.0,False,2219.0,76.1421568627451,15552.0,21.0,True,-0.6661499627681066,0.2156999464241485,74.83333333333333,11.771434350437787,A13,d916f34
1.5,8519600.0,False,2216.0,76.0392156862745,13581.0,7.0,True,-0.768321158809937,0.17048212151475434,82.5,17.829750418892576,A13,d916f34
1.5,8519800.0,False,2183.0,74.90686274509802,16226.0,17.0,True,-0.6441696037042977,0.2268978581528306,69.5,6.18869937870632,A13,d916f34
1.5,8520000.0,False,2194.0,75.2843137254902,14285.0,8.0,True,-0.830910657509595,0.14760101449139168,82.5,15.319921670818033,A13,d916f34
1.5,8520200.0,False,2250.0,77.20588235294117,15166.0,16.0,True,-0.7658455181837244,0.17145670834686882,78.66666666666667,9.352361555600096,A13,d916f34
1.5,8520400.0,False,2200.0,75.49019607843137,15910.0,3.0,True,-0.590316046520696,0.2568525924502511,59.0,5.403702434442518,A13,d916f34
1.5,8520600.0,False,2183.0,74.90686274509802,15378.0,5.0,True,-0.7667180768796933,0.17111257352847076,72.83333333333333,4.262237284181474,A13,d916f34
1.5,8520800.0,False,2344.0,80.4313725490196,19175.0,25.0,True,-0.8028791882215299,0.15744207749813421,79.33333333333333,16.329931618554518,A13,d916f34
1.5,8521000.0,False,2229.0,76.48529411764704,16306.0,10.0,True,-0.7398112838172428,0.1820491754272051,74.83333333333333,12.480651692386365,A13,d916f34
0.3,8540000.0,True,2708.0,940.2777777777777,63396.0,5.0,True,-0.9757554158628334,0.10574128508726861,74.83333333333333,20.292034562031148,A13-twin,d916f34
0.3,8540200.0,True,2699.0,937.1527777777777,63620.0,6.0,True,-0.719828572293522,0.19062130029939922,72.16666666666667,12.592325705232797,A13-twin,d916f34
0.3,8540400.0,True,2728.0,947.2222222222221,65411.0,11.0,True,-0.6355704100362187,0.2314352940896236,74.16666666666667,10.361788777362076,A13-twin,d916f34
0.3,8540600.0,True,2861.0,993.4027777777777,70205.0,4.0,True,-0.9588475997172381,0.10993915643225186,81.16666666666667,11.906580813426945,A13-twin,d916f34
0.3,8540800.0,True,2743.0,952.4305555555554,67728.0,23.0,True,-0.6580351813845383,0.21976818354743688,76.66666666666667,10.443498775155128,A13-twin,d916f34
0.3,8541000.0,True,2620.0,909.7222222222222,59908.0,0.0,True,-0.7936691739489489,0.16081658151106493,71.16666666666667,14.878395970892383,A13-twin,d916f34
0.3,8541200.0,True,2731.0,948.2638888888888,65137.0,4.0,True,-0.7610259058215788,0.17337005788084678,73.16666666666667,4.020779360604939,A13-twin,d916f34
0.3,8541400.0,True,2687.0,932.986111111111,61857.0,3.0,True,-1.0121013466327955,0.09725202507025361,71.0,10.583005244258363,A13-twin,d916f34
0.3,8541600.0,True,2711.0,941.3194444444443,64850.0,5.0,True,-0.865846001928105,0.13619275277270615,73.33333333333333,7.890923055426828,A13-twin,d916f34
0.3,8541800.0,True,2656.0,922.2222222222221,60329.0,4.0,True,-0.7266774113751759,0.1876387748412499,73.66666666666667,6.3456021516217564,A13-twin,d916f34
0.3,8542000.0,True,2639.0,916.3194444444443,61591.0,4.0,True,-0.5841781201537312,0.26050848896570444,72.16666666666667,7.386925386564202,A13-twin,d916f34
0.3,8542200.0,True,2650.0,920.1388888888888,61377.0,8.0,True,-0.6766865291794651,0.21052974809703856,69.33333333333333,12.816655830077776,A13-twin,d916f34
0.3,8542400.0,True,2728.0,947.2222222222221,65192.0,3.0,True,-0.6569459840625664,0.22032004719189313,74.16666666666667,12.303116136437414,A13-twin,d916f34
0.3,8542600.0,True,2589.0,898.9583333333333,56925.0,6.0,True,-0.6534063231092299,0.22212307490604485,71.83333333333333,6.177917664283546,A13-twin,d916f34
0.3,8542800.0,True,2685.0,932.2916666666665,64895.0,9.0,True,-0.8982168708874139,0.12641049417476413,79.33333333333333,2.338090388900024,A13-twin,d916f34
0.3,8543000.0,True,2712.0,941.6666666666665,61225.0,7.0,True,-0.6631406067599901,0.2171997861097505,70.0,11.949895397031725,A13-twin,d916f34
0.3,8543200.0,True,2686.0,932.6388888888888,62065.0,10.0,True,-0.7812719505918434,0.16547334624614818,80.83333333333333,20.360910261249785,A13-twin,d916f34
0.3,8543400.0,True,2686.0,932.6388888888888,61608.0,0.0,True,-0.6195306579337047,0.24014267391822394,65.0,16.804761230080004,A13-twin,d916f34
0.3,8543600.0,True,2707.0,939.9305555555554,65067.0,1.0,True,-0.6703031849734272,0.21364700793514022,72.83333333333333,8.953584012375527,A13-twin,d916f34
0.3,8543800.0,True,2743.0,952.4305555555554,66928.0,2.0,True,-1.1376552542018663,0.07283577502603812,81.0,7.321202087089251,A13-twin,d916f34
0.3,8544000.0,True,2638.0,915.9722222222222,59590.0,3.0,True,-0.6231568123879431,0.23814594313337298,64.5,11.43241006962224,A13-twin,d916f34
0.3,8544200.0,True,2667.0,926.0416666666665,63768.0,6.0,True,-0.5440980888906518,0.2856945206520265,67.66666666666667,12.33963802818651,A13-twin,d916f34
0.3,8544400.0,True,2640.0,916.6666666666665,59226.0,1.0,True,-0.7897266801745966,0.1622831092065371,68.83333333333333,9.261029460414575,A13-twin,d916f34
0.3,8544600.0,True,2744.0,952.7777777777777,64358.0,4.0,True,-0.8302498464414344,0.14782577126396018,78.33333333333333,6.97614984548545,A13-twin,d916f34
0.3,8544800.0,True,2663.0,924.6527777777777,60766.0,1.0,True,-0.6445926646960787,0.22667693687078438,74.5,14.543039572248986,A13-twin,d916f34
0.3,8545000.0,True,2801.0,972.5694444444443,68833.0,7.0,True,-0.6373208325892378,0.2305043721587581,70.66666666666667,11.843422928641308,A13-twin,d916f34
0.3,8545200.0,True,2757.0,957.2916666666665,65520.0,6.0,True,-0.7908255972398165,0.16187299521738163,78.33333333333333,10.782702196883054,A13-twin,d916f34
0.3,8545400.0,True,2689.0,933.6805555555554,63824.0,7.0,True,-0.7149745698498993,0.19276377828796853,72.0,13.2664991614216,A13-twin,d916f34
0.3,8545600.0,True,2616.0,908.3333333333333,58526.0,2.0,True,-0.6697044336966632,0.21394176102487608,74.0,11.679041056525147,A13-twin,d916f34
0.3,8545800.0,True,2647.0,919.0972222222221,60168.0,13.0,True,-0.782618073773314,0.16496124521108946,73.0,5.513619500836088,A13-twin,d916f34
0.3,8546000.0,True,2739.0,951.0416666666665,62280.0,8.0,True,-0.8312655865418521,0.14748043620607154,82.0,7.37563556583431,A13-twin,d916f34
0.3,8546200.0,True,2680.0,930.5555555555554,61191.0,11.0,True,-0.8212623101840328,0.15091683539447953,80.0,6.928203230275509,A13-twin,d916f34
0.3,8546400.0,True,2724.0,945.8333333333333,63419.0,3.0,True,-0.8781224991675761,0.1323968037798839,79.16666666666667,5.036533199202271,A13-twin,d916f34
0.3,8546600.0,True,2745.0,953.1249999999999,64613.0,4.0,True,-0.6913129473740016,0.203557473845103,70.83333333333333,5.49241901776136,A13-twin,d916f34
0.3,8546800.0,True,2654.0,921.5277777777777,63711.0,4.0,True,-0.6244881669539579,0.23741701099061494,65.66666666666667,2.581988897471611,A13-twin,d916f34
0.3,8547000.0,True,2735.0,949.6527777777777,63317.0,4.0,True,-0.876260846634767,0.1329655558283262,78.83333333333333,16.582118883504204,A13-twin,d916f34
0.3,8547200.0,True,2627.0,912.1527777777777,60294.0,8.0,True,-0.8988300483266277,0.12623214199047356,72.66666666666667,11.535452599125302,A13-twin,d916f34
0.3,8547400.0,True,2689.0,933.6805555555554,64729.0,1.0,True,-0.5638692553778699,0.27297994669338577,75.5,11.945710527214361,A13-twin,d916f34
0.3,8547600.0,True,2828.0,981.9444444444443,70526.0,4.0,True,-0.9212034449863262,0.11989375300206173,84.33333333333333,11.74166370948626,A13-twin,d916f34
0.3,8547800.0,True,2733.0,948.9583333333333,65526.0,4.0,True,-0.6323889382424733,0.23313692381236623,77.16666666666667,9.30412095077588,A13-twin,d916f34
0.3,8548000.0,True,2683.0,931.5972222222221,60765.0,7.0,True,-0.7826930896244986,0.16493275385313977,71.83333333333333,7.5740786018278605,A13-twin,d916f34
0.3,8548200.0,True,2733.0,948.9583333333333,63781.0,10.0,True,-0.747179273144272,0.17898668593911665,75.0,9.423375191511797,A13-twin,d916f34
0.3,8548400.0,True,2701.0,937.8472222222221,64754.0,5.0,True,-0.7477680557246292,0.17874419416547277,79.83333333333333,11.720352668186512,A13-twin,d916f34
0.3,8548600.0,True,2674.0,928.4722222222221,62713.0,3.0,True,-0.818879300216839,0.15174720469997488,66.83333333333333,10.833589740555375,A13-twin,d916f34
0.3,8548800.0,True,2699.0,937.1527777777777,61287.0,3.0,True,-0.5601934378298276,0.275300222358118,68.16666666666667,13.526517166908365,A13-twin,d916f34
0.3,8549000.0,True,2717.0,943.4027777777777,65874.0,4.0,True,-0.5968777933571885,0.25300098187749237,77.66666666666667,18.20622604129331,A13-twin,d916f34
0.3,8549200.0,True,2747.0,953.8194444444443,67349.0,2.0,True,-0.7213188320802846,0.18996831383019958,76.83333333333333,9.786044485218053,A13-twin,d916f34
0.3,8549400.0,True,2700.0,937.4999999999999,63559.0,4.0,True,-0.6434172839742742,0.22729124945251894,70.0,10.881176406988354,A13-twin,d916f34
0.3,8549600.0,True,2802.0,972.9166666666665,68741.0,4.0,True,-0.7574754179304426,0.17479321966129047,76.0,12.181953866272849,A13-twin,d916f34
0.3,8549800.0,True,2746.0,953.4722222222221,65694.0,4.0,True,-0.6668602717763832,0.21534744738107992,70.16666666666667,12.967909109284607,A13-twin,d916f34
0.3,8550000.0,True,2764.0,959.7222222222221,68202.0,5.0,True,-0.595924969062862,0.2535566650129464,83.16666666666667,12.859497138950132,A13-twin,d916f34
0.3,8550200.0,True,2711.0,941.3194444444443,62164.0,7.0,True,-0.8076993396641946,0.155704319335211,71.83333333333333,12.040210407906777,A13-twin,d916f34
0.3,8550400.0,True,2673.0,928.1249999999999,64500.0,4.0,True,-0.7151189230480858,0.19269971704595196,79.33333333333333,8.66410218468519,A13-twin,d916f34
0.3,8550600.0,True,2764.0,959.7222222222221,65272.0,3.0,True,-0.7787818101600122,0.16642485599683796,69.66666666666667,12.30717947649528,A13-twin,d916f34
0.3,8550800.0,True,2726.0,946.5277777777777,65397.0,7.0,True,-0.8143318767393751,0.1533444715702222,73.16666666666667,8.750238091998792,A13-twin,d916f34
0.3,8551000.0,True,2673.0,928.1249999999999,60358.0,3.0,True,-0.7130382787882223,0.1936251294912563,79.0,9.143303560529969,A13-twin,d916f34
0.3,8551200.0,True,2669.0,926.736111111111,61532.0,3.0,True,-0.7193722079203443,0.190821713835933,74.83333333333333,9.38971068066885,A13-twin,d916f34
0.3,8551400.0,True,2667.0,926.0416666666665,63238.0,5.0,True,-0.6503434428516225,0.22369514434208862,69.5,6.978538528947161,A13-twin,d916f34
0.3,8551600.0,True,2656.0,922.2222222222221,61358.0,1.0,True,-0.6442812728869273,0.22683952390681172,65.0,10.564090116995406,A13-twin,d916f34
0.3,8551800.0,True,2720.0,944.4444444444443,62935.0,9.0,True,-0.7999627155941686,0.15850292622019296,70.66666666666667,6.470445631227162,A13-twin,d916f34
0.3,8552000.0,True,2749.0,954.5138888888888,64964.0,4.0,True,-0.6573726103789047,0.22010372351792848,74.66666666666667,11.604596790352808,A13-twin,d916f34
0.3,8552200.0,True,2646.0,918.7499999999999,61786.0,3.0,True,-0.8087992060410034,0.15531049145516584,81.0,12.77497553813705,A13-twin,d916f34
0.3,8552400.0,True,2645.0,918.4027777777777,61438.0,9.0,True,-0.8384593011374998,0.14505767052416577,69.0,11.171392035015153,A13-twin,d916f34
0.3,8552600.0,True,2679.0,930.2083333333333,62750.0,3.0,True,-0.6697322030196226,0.2139280817630618,75.83333333333333,10.628577828979127,A13-twin,d916f34
0.3,8552800.0,True,2792.0,969.4444444444443,67215.0,6.0,True,-0.8771597873278533,0.13269061673909305,72.66666666666667,6.314005596027506,A13-twin,d916f34
0.3,8553000.0,True,2743.0,952.4305555555554,65817.0,4.0,True,-0.6796455398159587,0.20910020576441918,76.33333333333333,12.452576707921404,A13-twin,d916f34
0.3,8553200.0,True,2765.0,960.0694444444443,63175.0,12.0,True,-0.9852370806519744,0.10345772384633105,86.5,9.934787365615835,A13-twin,d916f34
0.3,8553400.0,True,2624.0,911.111111111111,60272.0,1.0,True,-0.8934551171204622,0.12780412840258845,69.33333333333333,11.893976066339913,A13-twin,d916f34
0.3,8553600.0,True,2674.0,928.4722222222221,60848.0,4.0,True,-1.0834585189354056,0.08251662963853733,73.33333333333333,13.995237285114772,A13-twin,d916f34
0.3,8553800.0,True,2717.0,943.4027777777777,65737.0,2.0,True,-0.7360363660749165,0.18363845654451594,76.33333333333333,7.840068026915754,A13-twin,d916f34
0.3,8554000.0,True,2738.0,950.6944444444443,65454.0,3.0,True,-0.8129358921576687,0.15383817098550584,73.0,20.523157651784484,A13-twin,d916f34
0.3,8554200.0,True,2636.0,915.2777777777777,61541.0,2.0,True,-0.7706616110279286,0.1695658491073364,77.16666666666667,19.66129870244249,A13-twin,d916f34
0.3,8554400.0,True,2688.0,933.3333333333333,63656.0,4.0,True,-0.6084317155526661,0.24635891597574794,69.5,13.065221008463652,A13-twin,d916f34
0.3,8554600.0,True,2731.0,948.2638888888888,64352.0,4.0,True,-0.6823176024197887,0.20781763471810905,78.16666666666667,17.221111075266506,A13-twin,d916f34
0.3,8554800.0,True,2783.0,966.3194444444443,65399.0,1.0,True,-0.6550220798371466,0.22129821971730018,77.0,16.540858502508268,A13-twin,d916f34
0.3,8555000.0,True,2705.0,939.236111111111,63024.0,5.0,True,-1.0276038404926686,0.09384176327157981,77.83333333333333,16.228575620388458,A13-twin,d916f34
0.3,8555200.0,True,2782.0,965.9722222222221,66479.0,1.0,True,-0.6653076368724282,0.2161187082737951,69.0,9.939818911831342,A13-twin,d916f34
0.3,8555400.0,True,2666.0,925.6944444444443,62637.0,6.0,True,-0.6688102125658143,0.2143827252635903,74.33333333333333,11.465891446663303,A13-twin,d916f34
0.3,8555600.0,True,2772.0,962.4999999999999,65092.0,3.0,True,-1.0620831311974055,0.08667959406970326,84.83333333333333,14.274686219551961,A13-twin,d916f34
0.3,8555800.0,True,2544.0,883.3333333333333,56893.0,10.0,True,-0.7028748825338799,0.1982097973323172,78.66666666666667,8.914407813571616,A13-twin,d916f34
0.3,8556000.0,True,2676.0,929.1666666666665,60850.0,5.0,True,-0.7667006878744841,0.17111942495561477,87.16666666666667,10.419532938988517,A13-twin,d916f34
0.3,8556200.0,True,2755.0,956.5972222222221,65784.0,5.0,True,-0.6858004857397797,0.20615767811660035,80.66666666666667,16.860209567697154,A13-twin,d916f34
0.3,8556400.0,True,2675.0,928.8194444444443,62717.0,4.0,True,-0.666424506659304,0.21556363249192279,77.5,11.414902540100814,A13-twin,d916f34
0.3,8556600.0,True,2692.0,934.7222222222221,62451.0,1.0,True,-0.8863420809506956,0.12991458760375646,67.83333333333333,10.342469079802301,A13-twin,d916f34
0.3,8556800.0,True,2622.0,910.4166666666665,58901.0,17.0,True,-0.9427381235073131,0.11409375574360595,78.33333333333333,9.458682078739441,A13-twin,d916f34
0.3,8557000.0,True,2746.0,953.4722222222221,63718.0,14.0,True,-0.8270210959780903,0.14892887333296737,78.5,15.201973556088038,A13-twin,d916f34
0.3,8557200.0,True,2708.0,940.2777777777777,64513.0,2.0,True,-0.6824176786589738,0.20776975197464576,76.5,14.936532395439043,A13-twin,d916f34
0.3,8557400.0,True,2607.0,905.2083333333333,57410.0,12.0,True,-0.6635212786227714,0.21700948753431404,70.16666666666667,5.192943930629972,A13-twin,d916f34
0.3,8557600.0,True,2711.0,941.3194444444443,64322.0,2.0,True,-0.7447051218735062,0.1800092730809949,77.33333333333333,7.633260552782583,A13-twin,d916f34
0.3,8557800.0,True,2760.0,958.3333333333333,66675.0,4.0,True,-1.1035281238621224,0.07879014072063599,78.83333333333333,9.683318990236078,A13-twin,d916f34
0.3,8558000.0,True,2743.0,952.4305555555554,65631.0,4.0,True,-0.7340816575019008,0.18446685458169837,77.5,7.422937423958254,A13-twin,d916f34
0.3,8558200.0,True,2705.0,939.236111111111,63619.0,4.0,True,-0.7449698525470928,0.17989957918214355,79.33333333333333,4.718756898449704,A13-twin,d916f34
0.3,8558400.0,True,2755.0,956.5972222222221,65061.0,6.0,True,-0.8481999508272806,0.14184043325987844,70.16666666666667,11.214573851318056,A13-twin,d916f34
0.3,8558600.0,True,2856.0,991.6666666666665,68469.0,5.0,True,-0.640957765770821,0.22858210838821885,77.0,14.226735395022992,A13-twin,d916f34
0.3,8558800.0,True,2683.0,931.5972222222221,64083.0,3.0,True,-0.9806692336103395,0.10455161997699845,86.0,14.491376746189438,A13-twin,d916f34
0.3,8559000.0,True,2668.0,926.3888888888888,61014.0,3.0,True,-0.8504613786054446,0.141103771311839,77.83333333333333,16.96368670621651,A13-twin,d916f34
0.3,8559200.0,True,2663.0,924.6527777777777,61986.0,11.0,True,-0.8663213337683305,0.13604377243680643,80.83333333333333,7.884584115009914,A13-twin,d916f34
0.3,8559400.0,True,2793.0,969.7916666666665,70309.0,11.0,True,-0.7723497762093852,0.16890800163978448,90.16666666666667,7.1670542530852,A13-twin,d916f34
0.3,8559600.0,True,2770.0,961.8055555555554,66223.0,3.0,True,-0.8179803282364085,0.15206164058758348,83.66666666666667,16.860209567697154,A13-twin,d916f34
0.3,8559800.0,True,2793.0,969.7916666666665,67627.0,2.0,True,-0.8864777321181977,0.1298740153325511,83.5,13.307892395116516,A13-twin,d916f34
0.3,8560000.0,True,2713.0,942.0138888888888,63097.0,3.0,True,-0.5972237909901601,0.25279949905052496,69.16666666666667,11.634718160173312,A13-twin,d916f34
0.3,8560200.0,True,2603.0,903.8194444444443,60645.0,3.0,True,-0.6954228139530646,0.20164023088426547,67.83333333333333,10.381072520056232,A13-twin,d916f34
0.3,8560400.0,True,2776.0,963.8888888888888,63435.0,5.0,True,-0.6408983215927543,0.22861339776923723,76.33333333333333,8.755950357709132,A13-twin,d916f34
0.3,8560600.0,True,2664.0,924.9999999999999,61171.0,4.0,True,-0.8738029319190019,0.13372021558075692,80.5,10.559356040971437,A13-twin,d916f34
0.3,8560800.0,True,2690.0,934.0277777777777,63843.0,10.0,True,-0.7179230314606085,0.19145952121765597,74.66666666666667,13.544986772480312,A13-twin,d916f34
0.3,8561000.0,True,2752.0,955.5555555555554,64711.0,4.0,True,-0.5944237801897041,0.254434629333486,66.83333333333333,6.462713568360172,A13-twin,d916f34
0.3,8561200.0,True,2739.0,951.0416666666665,65012.0,11.0,True,-0.8838073625935304,0.1306750387055363,82.66666666666667,14.348054455802247,A13-twin,d916f34
0.3,8561400.0,True,2809.0,975.3472222222221,67865.0,6.0,True,-0.7735132535111862,0.16845610176728631,77.0,7.58946638440411,A13-twin,d916f34
0.3,8561600.0,True,2675.0,928.8194444444443,62814.0,1.0,True,-0.9204351596029337,0.12010603785822668,72.66666666666667,11.707547423208101,A13-twin,d916f34
0.3,8561800.0,True,2704.0,938.8888888888888,64220.0,4.0,True,-1.357350607550355,0.0439186915051788,72.33333333333333,13.4412301024373,A13-twin,d916f34
0.3,8562000.0,True,2728.0,947.2222222222221,62726.0,2.0,True,-0.5795174927494743,0.26331918804040155,76.5,14.734313692873517,A13-twin,d916f34
0.3,8562200.0,True,2724.0,945.8333333333333,64754.0,4.0,True,-0.7462592106924683,0.17936627512847492,72.83333333333333,14.427982071886099,A13-twin,d916f34
0.3,8562400.0,True,2599.0,902.4305555555554,57138.0,4.0,True,-0.6658044586511629,0.2158716153604364,76.66666666666667,16.65733071853551,A13-twin,d916f34
0.3,8562600.0,True,2811.0,976.0416666666665,69251.0,7.0,True,-0.6591271619737507,0.21921629732793818,79.33333333333333,5.750362307426087,A13-twin,d916f34
0.3,8562800.0,True,2772.0,962.4999999999999,66269.0,11.0,True,-0.8874445959260064,0.12958520021751063,72.83333333333333,18.192489292745694,A13-twin,d916f34
0.3,8563000.0,True,2655.0,921.8749999999999,61165.0,8.0,True,-0.6227487186440801,0.23836982703986268,74.16666666666667,16.32686946927263,A13-twin,d916f34
0.3,8563200.0,True,2729.0,947.5694444444443,66524.0,10.0,True,-0.5331929709333506,0.29295912448905803,69.0,15.582040944625964,A13-twin,d916f34
0.3,8563400.0,True,2793.0,969.7916666666665,69546.0,2.0,True,-0.9223577816252485,0.11957550353597951,76.5,7.092249290598858,A13-twin,d916f34
0.3,8563600.0,True,2708.0,940.2777777777777,63770.0,10.0,True,-0.9579129626558583,0.11017600921389614,71.33333333333333,9.811557810392122,A13-twin,d916f34
0.3,8563800.0,True,2692.0,934.7222222222221,63750.0,3.0,True,-0.7640908586404196,0.17215083809695436,76.5,12.078907235342111,A13-twin,d916f34
0.3,8564000.0,True,2717.0,943.4027777777777,63128.0,1.0,True,-0.7765165603068449,0.16729518429929557,73.0,9.16515138991168,A13-twin,d916f34
0.3,8564200.0,True,2699.0,937.1527777777777,65157.0,1.0,True,-0.6980602042094193,0.2004194176057727,79.5,14.13859964777276,A13-twin,d916f34
0.3,8564400.0,True,2721.0,944.7916666666665,63723.0,7.0,True,-0.714879011159995,0.19280619715708452,72.66666666666667,11.552777443829974,A13-twin,d916f34
0.3,8564600.0,True,2649.0,919.7916666666665,60784.0,11.0,True,-0.7747455660188572,0.167978784351012,78.66666666666667,10.092901796146968,A13-twin,d916f34
0.3,8564800.0,True,2677.0,929.5138888888888,65388.0,1.0,True,-0.6656086632047807,0.2159689599276547,73.33333333333333,8.430104783848577,A13-twin,d916f34
0.3,8565000.0,True,2772.0,962.4999999999999,67758.0,0.0,True,-0.7744616865539188,0.16808862068983826,71.83333333333333,10.284292229738838,A13-twin,d916f34
0.3,8565200.0,True,2720.0,944.4444444444443,63740.0,14.0,True,-0.6998059072063438,0.19961542272619362,70.33333333333333,8.066391179868893,A13-twin,d916f34
0.3,8565400.0,True,2720.0,944.4444444444443,64072.0,1.0,True,-0.7603477655669196,0.17364098246919016,73.16666666666667,7.25028735062733,A13-twin,d916f34
0.3,8565600.0,True,2746.0,953.4722222222221,64651.0,2.0,True,-0.7946924449238839,0.1604381165872129,73.83333333333333,9.020347369512256,A13-twin,d916f34
0.3,8565800.0,True,2724.0,945.8333333333333,63012.0,8.0,True,-0.6605253977360799,0.21851165293220493,74.83333333333333,6.554896388705672,A13-twin,d916f34
0.3,8566000.0,True,2721.0,944.7916666666665,65201.0,5.0,True,-0.6312663838935092,0.2337403102235978,75.33333333333333,13.633292583476182,A13-twin,d916f34
0.3,8566200.0,True,2653.0,921.1805555555554,63196.0,6.0,True,-0.6932403809004428,0.20265607127924345,73.16666666666667,10.740887610745522,A13-twin,d916f34
0.3,8566400.0,True,2707.0,939.9305555555554,64299.0,4.0,True,-0.5916538650589729,0.2560625905892812,71.66666666666667,10.366613075960087,A13-twin,d916f34
0.3,8566600.0,True,2701.0,937.8472222222221,63232.0,6.0,True,-0.870595128166724,0.13471156198790277,74.33333333333333,6.501281924871946,A13-twin,d916f34
0.3,8566800.0,True,2681.0,930.9027777777777,62499.0,7.0,True,-0.5213534796593553,0.3010554685107677,69.5,8.96102672688794,A13-twin,d916f34
0.3,8567000.0,True,2668.0,926.3888888888888,62662.0,4.0,True,-0.7513263661685645,0.17728567034008733,78.5,10.765686229869418,A13-twin,d916f34
0.3,8567200.0,True,2739.0,951.0416666666665,64583.0,8.0,True,-0.75536836060079,0.17564332076025052,72.5,7.503332592921628,A13-twin,d916f34
0.3,8567400.0,True,2712.0,941.6666666666665,61944.0,6.0,True,-0.7124776019822138,0.19387526213256306,72.5,13.095800853708795,A13-twin,d916f34
0.3,8567600.0,True,2706.0,939.5833333333333,63092.0,2.0,True,-0.6809831463635877,0.20845717773627914,79.5,10.67239429556461,A13-twin,d916f34
0.3,8567800.0,True,2723.0,945.486111111111,63395.0,1.0,True,-0.6394082834203346,0.22939910363187072,70.16666666666667,14.03448134655024,A13-twin,d916f34
0.3,8568000.0,True,2665.0,925.3472222222221,61310.0,4.0,True,-0.864451812552747,0.13663066667898116,74.5,9.669539802906858,A13-twin,d916f34
0.3,8568200.0,True,2622.0,910.4166666666665,57952.0,8.0,True,-0.5875693060877794,0.25848223125223857,72.33333333333333,5.316640543300503,A13-twin,d916f34
0.3,8568400.0,True,2710.0,940.9722222222221,62148.0,6.0,True,-0.6726101403450402,0.2125151322520532,80.83333333333333,3.868677637987774,A13-twin,d916f34
0.3,8568600.0,True,2698.0,936.8055555555554,63524.0,9.0,True,-0.7595858440057761,0.17394588371802766,81.66666666666667,11.129540272026814,A13-twin,d916f34
0.3,8568800.0,True,2712.0,941.6666666666665,63587.0,1.0,True,-0.775465815874481,0.167700433068021,68.83333333333333,16.86910390823018,A13-twin,d916f34
0.3,8569000.0,True,2641.0,917.0138888888888,62612.0,9.0,True,-0.8777817043074074,0.1325007375387526,71.66666666666667,8.016649341630622,A13-twin,d916f34
0.3,8569200.0,True,2757.0,957.2916666666665,64472.0,2.0,True,-0.6342656701337491,0.23213163475224924,74.0,16.816658407662327,A13-twin,d916f34
0.3,8569400.0,True,2773.0,962.8472222222221,64957.0,8.0,True,-0.6695400523093555,0.214022753764539,78.33333333333333,6.21825270205921,A13-twin,d916f34
0.3,8569600.0,True,2651.0,920.486111111111,59109.0,7.0,True,-0.7555698130325585,0.17556186550292863,76.33333333333333,16.585133905599516,A13-twin,d916f34
0.3,8569800.0,True,2681.0,930.9027777777777,62923.0,13.0,True,-0.6679601572623762,0.21480275279157607,70.83333333333333,18.345753368740862,A13-twin,d916f34
0.3,8570000.0,True,2705.0,939.236111111111,62791.0,11.0,True,-0.7702243270609016,0.1697366681534186,75.66666666666667,20.00666555592577,A13-twin,d916f34
0.3,8570200.0,True,2669.0,926.736111111111,60914.0,8.0,True,-0.7894861877907788,0.16237299904241123,76.0,8.67179335547152,A13-twin,d916f34
0.3,8570400.0,True,2680.0,930.5555555555554,59746.0,7.0,True,-0.8327534350434374,0.14697604779192178,85.5,20.656718035544756,A13-twin,d916f34
0.3,8570600.0,True,2608.0,905.5555555555554,61337.0,1.0,True,-0.5895581749167931,0.2573012079435504,67.33333333333333,13.603921003397023,A13-twin,d916f34
0.3,8570800.0,True,2748.0,954.1666666666665,66804.0,2.0,True,-0.6704156023756357,0.2135917124285205,66.5,12.227019260637483,A13-twin,d916f34
0.3,8571000.0,True,2680.0,930.5555555555554,61385.0,6.0,True,-0.7803393802711096,0.16582905266030212,71.83333333333333,12.384129628951186,A13-twin,d916f34
0.3,8571200.0,True,2649.0,919.7916666666665,60925.0,10.0,True,-0.7502554768622605,0.17772336319697157,66.83333333333333,6.400520812142294,A13-twin,d916f34
0.3,8571400.0,True,2701.0,937.8472222222221,62702.0,5.0,True,-0.59108734299735,0.2563968332981437,73.0,8.318653737234168,A13-twin,d916f34
0.3,8571600.0,True,2724.0,945.8333333333333,66163.0,7.0,True,-0.5301202688385916,0.2950392063706615,69.16666666666667,17.75856600817382,A13-twin,d916f34
0.3,8571800.0,True,2723.0,945.486111111111,64803.0,3.0,True,-0.7962590451923613,0.15986042189709965,75.0,14.24078649513432,A13-twin,d916f34
0.3,8572000.0,True,2696.0,936.111111111111,64388.0,2.0,True,-0.6963339470413289,0.20121764089347838,70.83333333333333,9.495613022162743,A13-twin,d916f34
0.3,8572200.0,True,2722.0,945.1388888888888,63838.0,2.0,True,-0.680609645953633,0.20863653145623468,81.5,8.455767262643882,A13-twin,d916f34
0.3,8572400.0,True,2718.0,943.7499999999999,64595.0,9.0,True,-0.8945614172088199,0.1274789808525099,73.33333333333333,15.487629472151852,A13-twin,d916f34
0.3,8572600.0,True,2735.0,949.6527777777777,65914.0,1.0,True,-0.9884201516727747,0.10270222401219424,76.5,15.056560032092323,A13-twin,d916f34
0.3,8572800.0,True,2788.0,968.0555555555554,67318.0,4.0,True,-0.6427847880050503,0.2276225120884163,79.66666666666667,9.352361555600096,A13-twin,d916f34
0.3,8573000.0,True,2705.0,939.236111111111,62798.0,4.0,True,-0.7297921945175021,0.1862978339574846,72.0,11.419281938896159,A13-twin,d916f34
0.3,8573200.0,True,2678.0,929.861111111111,61463.0,18.0,True,-0.8752733344557121,0.1332682410045454,84.16666666666667,17.279081765726637,A13-twin,d916f34
0.3,8573400.0,True,2627.0,912.1527777777777,59786.0,5.0,True,-0.8693365871553798,0.13510250851114008,72.16666666666667,10.206207261596575,A13-twin,d916f34
0.3,8573600.0,True,2568.0,891.6666666666665,59120.0,13.0,True,-0.8674070013123559,0.13570410924287918,70.5,9.181503144910424,A13-twin,d916f34
0.3,8573800.0,True,2691.0,934.3749999999999,63010.0,10.0,True,-0.6525482259506723,0.22256238881012014,63.666666666666664,7.366591251499344,A13-twin,d916f34
0.3,8574000.0,True,2768.0,961.111111111111,66056.0,4.0,True,-0.646177898661059,0.2258510434299416,77.5,10.72846680565308,A13-twin,d916f34
0.3,8574200.0,True,2770.0,961.8055555555554,64914.0,16.0,True,-0.7152726339067278,0.19263152645391163,83.5,12.227019260637483,A13-twin,d916f34
0.3,8574400.0,True,2752.0,955.5555555555554,63978.0,6.0,True,-0.9713473776538999,0.10682001198154985,81.83333333333333,12.122980931547598,A13-twin,d916f34
0.3,8574600.0,True,2732.0,948.611111111111,64969.0,8.0,True,-0.6079376489731059,0.24663934083301725,75.33333333333333,13.261473020244269,A13-twin,d916f34
0.3,8574800.0,True,2696.0,936.111111111111,63813.0,7.0,True,-0.8185952851307402,0.1518464751093745,72.66666666666667,12.07752734075426,A13-twin,d916f34
0.3,8575000.0,True,2853.0,990.6249999999999,71093.0,1.0,True,-0.664653002848021,0.21644472057238553,73.16666666666667,13.197221929886103,A13-twin,d916f34
0.3,8575200.0,True,2732.0,948.611111111111,63700.0,5.0,True,-0.9559107520066629,0.11068512197498451,82.16666666666667,5.564770136013406,A13-twin,d916f34
0.3,8575400.0,True,2717.0,943.4027777777777,64298.0,4.0,True,-0.8496264015447884,0.1413753191875964,78.83333333333333,17.588822208057785,A13-twin,d916f34
0.3,8575600.0,True,2730.0,947.9166666666665,64308.0,3.0,True,-0.6357352584069934,0.23134746315253263,72.33333333333333,13.937957765277762,A13-twin,d916f34
0.6,8604000.0,True,1997.0,156.015625,30463.0,10.0,True,-0.6731642521842305,0.21224415929461238,66.5,6.0909769331364245,A13-twin,d916f34
0.6,8604200.0,True,2111.0,164.921875,32942.0,59.0,True,-0.6684671604259569,0.21455213452388483,77.0,6.752777206453653,A13-twin,d916f34
0.6,8604400.0,True,2057.0,160.703125,30793.0,9.0,True,-0.7081741453672974,0.19580593645604916,80.0,15.139352694220449,A13-twin,d916f34
0.6,8604600.0,True,2011.0,157.109375,29338.0,7.0,True,-0.6631340300389209,0.21720307529090532,66.5,15.188811671753653,A13-twin,d916f34
0.6,8604800.0,True,2055.0,160.546875,30285.0,18.0,True,-0.7926793048421154,0.16118354200672064,75.0,12.915107432770352,A13-twin,d916f34
0.6,8605000.0,True,2019.0,157.734375,28753.0,7.0,True,-0.6698662629289724,0.21386205570357467,79.0,14.449913494550755,A13-twin,d916f34
0.6,8605200.0,True,2097.0,163.828125,31879.0,0.0,True,-0.758160508887477,0.17451770418105314,74.5,11.623252556836231,A13-twin,d916f34
0.6,8605400.0,True,2060.0,160.9375,30687.0,26.0,True,-0.8075033209845383,0.15577461229359096,72.5,11.20267825120404,A13-twin,d916f34
0.6,8605600.0,True,2063.0,161.171875,30205.0,2.0,True,-0.7561793286048296,0.17531564401058242,75.0,22.733235581412515,A13-twin,d916f34
0.6,8605800.0,True,2104.0,164.375,33326.0,5.0,True,-0.8395323143534309,0.14469971830232206,78.33333333333333,8.86942313043338,A13-twin,d916f34
0.6,8606000.0,True,2022.0,157.96875,30857.0,19.0,True,-0.6735743386960588,0.21204384040946495,76.16666666666667,7.2226495600068175,A13-twin,d916f34
0.6,8606200.0,True,2050.0,160.15625,29822.0,6.0,True,-0.6649510910309631,0.21629620964502622,76.83333333333333,14.119726154096142,A13-twin,d916f34
0.6,8606400.0,True,2011.0,157.109375,29698.0,7.0,True,-0.8393158410409369,0.14477186159804378,70.5,11.536897329871667,A13-twin,d916f34
0.6,8606600.0,True,2084.0,162.8125,32980.0,13.0,True,-0.7166892645348442,0.19200420295049236,79.83333333333333,12.560520159080463,A13-twin,d916f34
0.6,8606800.0,True,2051.0,160.234375,31223.0,10.0,True,-0.6515791862153688,0.22305954592414545,79.33333333333333,13.185851002747857,A13-twin,d916f34
0.6,8607000.0,True,2129.0,166.328125,31373.0,7.0,True,-0.6387069905302339,0.2297698334642623,71.83333333333333,8.256310717667224,A13-twin,d916f34
0.6,8607200.0,True,2056.0,160.625,30152.0,8.0,True,-0.7590827455677225,0.1741475040786476,75.0,8.921883209278185,A13-twin,d916f34
0.6,8607400.0,True,2057.0,160.703125,30982.0,10.0,True,-0.6432680151816839,0.22736938381287317,80.16666666666667,12.237919213112441,A13-twin,d916f34
0.6,8607600.0,True,2049.0,160.078125,32251.0,29.0,True,-0.8904832956084735,0.12868167472744224,79.0,12.165525060596439,A13-twin,d916f34
0.6,8607800.0,True,2019.0,157.734375,29867.0,8.0,True,-0.5219047166495476,0.300673590217887,66.0,13.145341380123988,A13-twin,d916f34
0.6,8608000.0,True,2049.0,160.078125,31139.0,1.0,True,-0.8328304168485802,0.1469499975444145,75.16666666666667,7.332575718440736,A13-twin,d916f34
0.6,8608200.0,True,2099.0,163.984375,30344.0,13.0,True,-0.8279641559271425,0.14860582876018033,80.66666666666667,7.840068026915754,A13-twin,d916f34
0.6,8608400.0,True,2028.0,158.4375,30017.0,22.0,True,-0.6787936533783744,0.20951076692830517,75.0,14.724129855444769,A13-twin,d916f34
0.6,8608600.0,True,2052.0,160.3125,31957.0,6.0,True,-0.904881393457203,0.12448545371894731,75.66666666666667,12.1764800606196,A13-twin,d916f34
0.6,8608800.0,True,2103.0,164.296875,32453.0,18.0,True,-0.8665790069086848,0.13596307965731985,82.5,12.817956155331473,A13-twin,d916f34
0.6,8609000.0,True,2066.0,161.40625,30514.0,3.0,True,-0.7885072843854589,0.16273940192679023,75.83333333333333,10.225784403490358,A13-twin,d916f34
0.6,8609200.0,True,2019.0,157.734375,29228.0,19.0,True,-0.6659756884590722,0.21578652017531122,65.5,10.94988584415381,A13-twin,d916f34
0.6,8609400.0,True,2048.0,160.0,31401.0,30.0,True,-0.8808422260215363,0.13157027244063763,76.16666666666667,13.496913227351898,A13-twin,d916f34
0.6,8609600.0,True,2055.0,160.546875,31966.0,15.0,True,-0.7568897286922569,0.1750291046979869,85.0,15.924823389915506,A13-twin,d916f34
0.6,8609800.0,True,2000.0,156.25,28711.0,9.0,True,-0.7129978561044353,0.19364315231210377,73.66666666666667,14.375905768565216,A13-twin,d916f34
0.6,8610000.0,True,2005.0,156.640625,28750.0,7.0,True,-0.5638041222349904,0.2730208898228893,67.33333333333333,13.559744343705994,A13-twin,d916f34
0.6,8610200.0,True,2152.0,168.125,34964.0,4.0,True,-0.6813958259668318,0.20825918957461326,73.33333333333333,9.872520785831076,A13-twin,d916f34
0.6,8610400.0,True,2053.0,160.390625,31163.0,3.0,True,-0.666077291523082,0.21573604288832782,66.5,15.241391012633985,A13-twin,d916f34
0.6,8610600.0,True,2153.0,168.203125,33883.0,10.0,True,-0.7281636620233107,0.186997731459299,67.83333333333333,8.471520918150807,A13-twin,d916f34
0.6,8610800.0,True,2008.0,156.875,29023.0,12.0,True,-0.71904888843213,0.19096382789148897,74.16666666666667,16.080008291871824,A13-twin,d916f34
0.6,8611000.0,True,2057.0,160.703125,32122.0,14.0,True,-0.6960091744380561,0.20136817105393615,81.33333333333333,11.707547423208101,A13-twin,d916f34
0.6,8611200.0,True,2075.0,162.109375,31597.0,11.0,True,-0.6148998476302526,0.2427169758597242,73.66666666666667,8.140434058861153,A13-twin,d916f34
0.6,8611400.0,True,2066.0,161.40625,30944.0,7.0,True,-0.8638835838554183,0.13680955055011246,77.83333333333333,12.237919213112443,A13-twin,d916f34
0.6,8611600.0,True,2110.0,164.84375,32255.0,7.0,True,-0.6778697703045409,0.20995693765148876,74.83333333333333,8.588752334691383,A13-twin,d916f34
0.6,8611800.0,True,2038.0,159.21875,30975.0,1.0,True,-0.6251085963535008,0.23707808122366214,73.33333333333333,14.193895401427568,A13-twin,d916f34
0.6,8612000.0,True,1974.0,154.21875,29663.0,1.0,True,-0.6900874857021023,0.20413266917177647,68.0,8.024961059095553,A13-twin,d916f34
0.6,8612200.0,True,2061.0,161.015625,32116.0,11.0,True,-0.5265545700663005,0.2974715455792353,70.33333333333333,15.31883372410141,A13-twin,d916f34
0.6,8612400.0,True,2053.0,160.390625,29640.0,7.0,True,-0.8466259337764569,0.14235543941162274,71.83333333333333,7.935153852740768,A13-twin,d916f34
0.6,8612600.0,True,2064.0,161.25,32129.0,14.0,True,-0.6284989072543402,0.23523454122115722,75.16666666666667,14.414113454065314,A13-twin,d916f34
0.6,8612800.0,True,2090.0,163.28125,31412.0,7.0,True,-0.702281517971764,0.19848079099033972,70.5,8.117881497040962,A13-twin,d916f34
0.6,8613000.0,True,2153.0,168.203125,34735.0,16.0,True,-0.5426194843348495,0.2866688575551825,78.33333333333333,13.86602562620835,A13-twin,d916f34
0.6,8613200.0,True,2081.0,162.578125,31592.0,13.0,True,-0.6366274741913407,0.23087267015961915,66.5,9.396807968666806,A13-twin,d916f34
0.6,8613400.0,True,2116.0,165.3125,32458.0,4.0,True,-0.676914435102023,0.2104192967993328,72.0,15.12613632095123,A13-twin,d916f34
0.6,8613600.0,True,1992.0,155.625,28225.0,15.0,True,-0.8019520358345331,0.15777855131902987,82.83333333333333,12.006942436218585,A13-twin,d916f34
0.6,8613800.0,True,2079.0,162.421875,32128.0,0.0,True,-0.751349202314565,0.1772763485200269,76.0,11.966620241321273,A13-twin,d916f34
0.6,8614000.0,True,2071.0,161.796875,31942.0,5.0,True,-0.75391903414097,0.17623045636022872,76.33333333333333,5.046450898073483,A13-twin,d916f34
0.6,8614200.0,True,2052.0,160.3125,29446.0,3.0,True,-1.5353613189719308,0.029150008184189887,78.66666666666667,11.236844159579089,A13-twin,d916f34
0.6,8614400.0,True,2019.0,157.734375,29857.0,1.0,True,-0.7598184990047817,0.17385272448358896,81.0,10.545141061171254,A13-twin,d916f34
0.6,8614600.0,True,2088.0,163.125,30651.0,6.0,True,-0.7712206995873825,0.16934769913169623,70.66666666666667,12.878923350446133,A13-twin,d916f34
0.6,8614800.0,True,2097.0,163.828125,33139.0,4.0,True,-0.8716764506146948,0.134376569374904,77.16666666666667,15.535979745953156,A13-twin,d916f34
0.6,8615000.0,True,2020.0,157.8125,29770.0,10.0,True,-0.6480632985690091,0.224872682924649,74.0,17.92205345377588,A13-twin,d916f34
0.6,8615200.0,True,2156.0,168.4375,34571.0,11.0,True,-0.7101391223647255,0.1949220084461339,77.83333333333333,10.666145820617055,A13-twin,d916f34
0.6,8615400.0,True,2079.0,162.421875,31923.0,7.0,True,-0.7186839812623378,0.19112434882000856,78.5,18.338484124921557,A13-twin,d916f34
0.6,8615600.0,True,2035.0,158.984375,30184.0,3.0,True,-0.7988849663886631,0.15889675701373707,81.83333333333333,11.548448669265785,A13-twin,d916f34
0.6,8615800.0,True,2110.0,164.84375,31555.0,14.0,True,-0.9296005709728515,0.1175978627989765,77.33333333333333,12.738393409950357,A13-twin,d916f34
0.6,8616000.0,True,2034.0,158.90625,30659.0,1.0,True,-0.7203864423469616,0.1903765961913502,77.5,5.718391382198319,A13-twin,d916f34
0.6,8616200.0,True,2042.0,159.53125,29569.0,13.0,True,-0.7319251231687149,0.18538512188626816,74.0,12.649110640673518,A13-twin,d916f34
0.6,8616400.0,True,2100.0,164.0625,34335.0,18.0,True,-0.6784560811737604,0.20967368059272118,70.83333333333333,8.134289561274953,A13-twin,d916f34
0.6,8616600.0,True,2026.0,158.28125,30662.0,9.0,True,-0.6957535877010641,0.2014867131568817,67.16666666666667,12.983322635853531,A13-twin,d916f34
0.6,8616800.0,True,1979.0,154.609375,27725.0,11.0,True,-0.8173115769646948,0.15229597409876067,68.66666666666667,16.978417672641545,A13-twin,d916f34
0.6,8617000.0,True,2098.0,163.90625,32413.0,3.0,True,-0.6530008683757802,0.222330544512743,79.5,10.597169433391164,A13-twin,d916f34
0.6,8617200.0,True,2033.0,158.828125,29908.0,5.0,True,-0.7671144170504142,0.17095648623541854,73.0,5.865151319446072,A13-twin,d916f34
0.6,8617400.0,True,2077.0,162.265625,31779.0,4.0,True,-0.7293588618792651,0.1864838119602466,78.16666666666667,8.232051182218601,A13-twin,d916f34
0.6,8617600.0,True,2051.0,160.234375,30396.0,7.0,True,-0.6650251779959359,0.21625931448837227,77.66666666666667,10.152175464730044,A13-twin,d916f34
0.6,8617800.0,True,2034.0,158.90625,30546.0,2.0,True,-0.8835625970362379,0.13074870706859004,72.16666666666667,11.178849076119898,A13-twin,d916f34
0.6,8618000.0,True,2083.0,162.734375,32058.0,11.0,True,-0.6418485471478403,0.22811374413916458,70.5,10.80277742064512,A13-twin,d916f34
0.6,8618200.0,True,2068.0,161.5625,30093.0,10.0,True,-0.5411655741673029,0.28763016196803937,67.16666666666667,10.342469079802301,A13-twin,d916f34
0.6,8618400.0,True,2045.0,159.765625,29888.0,11.0,True,-0.6369160873071797,0.23071929325126023,84.33333333333333,10.481730137084558,A13-twin,d916f34
0.6,8618600.0,True,2022.0,157.96875,30970.0,4.0,True,-0.7951144209389238,0.16028230489676806,72.83333333333333,9.600347215943113,A13-twin,d916f34
0.6,8618800.0,True,2051.0,160.234375,30494.0,14.0,True,-0.5102704132639295,0.3088371860369522,66.66666666666667,4.926120853842979,A13-twin,d916f34
0.6,8619000.0,True,2046.0,159.84375,29275.0,22.0,True,-0.750627562007818,0.17757116254424826,72.16666666666667,9.261029460414575,A13-twin,d916f34
0.6,8619200.0,True,1988.0,155.3125,29319.0,4.0,True,-0.7437964108606825,0.18038631600340976,75.16666666666667,17.85963792092848,A13-twin,d916f34
0.6,8619400.0,True,2002.0,156.40625,30323.0,11.0,True,-0.7818536085193795,0.16525187334576358,75.66666666666667,11.552777443829976,A13-twin,d916f34
0.6,8619600.0,True,2079.0,162.421875,33307.0,5.0,True,-0.715263926385619,0.19263538871780866,75.5,12.469963913339926,A13-twin,d916f34
0.6,8619800.0,True,2028.0,158.4375,30070.0,11.0,True,-0.5889209442560737,0.25767901740700994,70.0,18.83613548475377,A13-twin,d916f34
0.6,8620000.0,True,2012.0,157.1875,29337.0,17.0,True,-0.6033537551377194,0.24925635788979308,76.0,10.059821071967434,A13-twin,d916f34
0.6,8620200.0,True,2028.0,158.4375,29151.0,3.0,True,-0.8779223930941209,0.13245782115438764,76.33333333333333,9.563820714895625,A13-twin,d916f34
0.6,8620400.0,True,2077.0,162.265625,29658.0,10.0,True,-0.787849223158668,0.16298617841476948,76.33333333333333,13.793718377097115,A13-twin,d916f34
0.6,8620600.0,True,2064.0,161.25,29533.0,6.0,True,-0.7661384708111013,0.17134109150564408,76.16666666666667,12.859497138950132,A13-twin,d916f34
0.6,8620800.0,True,2057.0,160.703125,30266.0,4.0,True,-0.5626813184327448,0.27372765796290394,71.83333333333333,19.994165815724013,A13-twin,d916f34
0.6,8621000.0,True,2089.0,163.203125,31913.0,1.0,True,-0.7790213249707373,0.1663330974556414,72.0,12.853015210447703,A13-twin,d916f34
0.6,8621200.0,True,2078.0,162.34375,35082.0,16.0,True,-0.6148142861999999,0.24276479884228752,83.5,12.095453691366853,A13-twin,d916f34
0.6,8621400.0,True,2154.0,168.28125,33597.0,29.0,True,-0.7442414405632783,0.18020156543636184,78.33333333333333,11.129540272026814,A13-twin,d916f34
0.6,8621600.0,True,2079.0,162.421875,33177.0,17.0,True,-0.6703674444091225,0.213615398460207,73.33333333333333,7.5277265270908105,A13-twin,d916f34
0.6,8621800.0,True,2003.0,156.484375,28411.0,2.0,True,-0.7756834032579694,0.16761643393696457,77.0,11.081516141756055,A13-twin,d916f34
0.6,8622000.0,True,2032.0,158.75,30019.0,1.0,True,-0.8503159375853118,0.14115103351303893,80.66666666666667,5.819507424745386,A13-twin,d916f34
0.6,8622200.0,True,2046.0,159.84375,29318.0,7.0,True,-0.6377176672378683,0.23029384601360234,74.66666666666667,22.650974960620715,A13-twin,d916f34
0.6,8622400.0,True,2035.0,158.984375,29278.0,19.0,True,-0.7814915197826835,0.16538970791483065,85.0,7.563068160475615,A13-twin,d916f34
0.6,8622600.0,True,2070.0,161.71875,31784.0,2.0,True,-0.6031024475969019,0.24940063356443193,78.16666666666667,13.07542223664944,A13-twin,d916f34
0.6,8622800.0,True,2102.0,164.21875,32614.0,9.0,True,-1.0208707542730366,0.0953079757676632,74.0,9.077444574328174,A13-twin,d916f34
0.6,8623000.0,True,2033.0,158.828125,30341.0,13.0,True,-0.6103290111656403,0.24528499908467644,76.0,19.81918262693999,A13-twin,d916f34
0.6,8623200.0,True,2032.0,158.75,30559.0,2.0,True,-0.6744432291589324,0.21162002962129922,73.0,10.13903348450926,A13-twin,d916f34
0.6,8623400.0,True,1949.0,152.265625,28341.0,5.0,True,-0.6966335011267554,0.2010788991268202,71.33333333333333,9.912954487269005,A13-twin,d916f34
0.6,8623600.0,True,2096.0,163.75,31457.0,4.0,True,-0.9915197562761132,0.10197183714840205,69.16666666666667,9.988326519826366,A13-twin,d916f34
0.6,8623800.0,True,2165.0,169.140625,32760.0,22.0,True,-0.7175204304958684,0.19163709088639824,75.33333333333333,14.375905768565216,A13-twin,d916f34
0.6,8624000.0,True,2010.0,157.03125,27219.0,7.0,True,-0.6927944021259702,0.20286428651548988,70.83333333333333,12.155931336868708,A13-twin,d916f34
0.6,8624200.0,True,1978.0,154.53125,29027.0,8.0,True,-0.8497248319474621,0.14134328089711595,69.66666666666667,15.279616051022575,A13-twin,d916f34
0.6,8624400.0,True,2070.0,161.71875,32472.0,7.0,True,-0.9001992700053402,0.1258347903813816,72.83333333333333,13.467244212037839,A13-twin,d916f34
0.6,8624600.0,True,2106.0,164.53125,33183.0,4.0,True,-0.9006815214244921,0.12569513784440897,80.16666666666667,7.2226495600068175,A13-twin,d916f34
0.6,8624800.0,True,2018.0,157.65625,28613.0,1.0,True,-0.6460364470387625,0.2259246160886454,78.0,10.69579356569675,A13-twin,d916f34
0.6,8625000.0,True,2015.0,157.421875,29244.0,9.0,True,-0.7111898384535806,0.1944509913219122,78.16666666666667,9.130534851073438,A13-twin,d916f34
0.6,8625200.0,True,2069.0,161.640625,31012.0,13.0,True,-0.592753042661103,0.2554153284251489,76.16666666666667,10.870449239413553,A13-twin,d916f34
0.6,8625400.0,True,2103.0,164.296875,30798.0,10.0,True,-0.719451059159676,0.19078707106840911,79.16666666666667,10.998484744121194,A13-twin,d916f34
0.6,8625600.0,True,2083.0,162.734375,35114.0,1.0,True,-0.7310012092392293,0.18577992822723477,73.0,8.579044235810887,A13-twin,d916f34
0.6,8625800.0,True,1986.0,155.15625,29081.0,4.0,True,-0.6733917402639084,0.2121330126536567,72.16666666666667,11.125046816380895,A13-twin,d916f34
0.6,8626000.0,True,1977.0,154.453125,27804.0,21.0,True,-0.789880153505199,0.16222577085641948,70.5,13.080519867344723,A13-twin,d916f34
0.6,8626200.0,True,2045.0,159.765625,30688.0,11.0,True,-0.7666191502398138,0.17115155518892214,72.0,10.315037566582102,A13-twin,d916f34
0.6,8626400.0,True,2005.0,156.640625,28760.0,9.0,True,-0.8340349768134677,0.14654298147513914,75.5,10.931605554537724,A13-twin,d916f34
0.6,8626600.0,True,2026.0,158.28125,31140.0,6.0,True,-0.6915031832675741,0.20346832820873278,71.83333333333333,4.167333280008532,A13-twin,d916f34
0.6,8626800.0,True,1965.0,153.515625,27479.0,6.0,True,-0.6574496081620554,0.22006470391895927,66.33333333333333,14.50057470125466,A13-twin,d916f34
0.6,8627000.0,True,2086.0,162.96875,32222.0,5.0,True,-0.8893403663349686,0.12902077125254932,76.5,12.340988615179905,A13-twin,d916f34
0.6,8627200.0,True,2001.0,156.328125,32173.0,13.0,True,-0.5963445488757487,0.25331181759326926,62.333333333333336,6.801960501698512,A13-twin,d916f34
0.6,8627400.0,True,2111.0,164.921875,34315.0,8.0,True,-0.6193396662562848,0.2402483057894268,76.66666666666667,8.091147425839345,A13-twin,d916f34
0.6,8627600.0,True,2016.0,157.5,31021.0,13.0,True,-0.7494011646614717,0.17807331162476547,79.66666666666667,7.312090444371341,A13-twin,d916f34
0.6,8627800.0,True,2152.0,168.125,35177.0,12.0,True,-0.6550621673252374,0.22127779376049406,79.83333333333333,13.287839051804724,A13-twin,d916f34
0.6,8628000.0,True,2103.0,164.296875,33862.0,11.0,True,-0.7496059081106515,0.17798938066843067,75.5,12.227019260637483,A13-twin,d916f34
0.6,8628200.0,True,2021.0,157.890625,29238.0,14.0,True,-0.6677147799579173,0.21492415109493693,76.0,12.393546707863734,A13-twin,d916f34
0.6,8628400.0,True,2061.0,161.015625,31658.0,18.0,True,-0.7864919161696109,0.16349635835802673,75.33333333333333,9.437513796899408,A13-twin,d916f34
0.6,8628600.0,True,2050.0,160.15625,31330.0,12.0,True,-0.8954436494203345,0.12722028102420543,70.5,9.115920140062657,A13-twin,d916f34
0.6,8628800.0,True,2018.0,157.65625,30551.0,3.0,True,-0.6491266732716912,0.22432275327474782,70.83333333333333,13.934369977385655,A13-twin,d916f34
0.6,8629000.0,True,2048.0,160.0,29444.0,15.0,True,-0.5671820952189972,0.27090555145527295,68.83333333333333,9.724539406402068,A13-twin,d916f34
0.6,8629200.0,True,2112.0,165.0,32977.0,4.0,True,-0.8135332954443472,0.15362670099941061,79.83333333333333,13.377842377105013,A13-twin,d916f34
0.6,8629400.0,True,2029.0,158.515625,29927.0,4.0,True,-0.6812591371210437,0.20832474690881214,70.83333333333333,17.497618885627457,A13-twin,d916f34
0.6,8629600.0,True,2092.0,163.4375,31858.0,21.0,True,-0.6220240357738752,0.23876791345523635,78.16666666666667,13.905634349668002,A13-twin,d916f34
0.6,8629800.0,True,2054.0,160.46875,32648.0,7.0,True,-0.6234798577864749,0.2379688666359892,69.16666666666667,10.980285363626333,A13-twin,d916f34
0.6,8630000.0,True,2003.0,156.484375,28658.0,13.0,True,-0.6651350229240605,0.21620462352185826,73.0,6.324555320336759,A13-twin,d916f34
0.6,8630200.0,True,2068.0,161.5625,30261.0,3.0,True,-0.7544390679145019,0.17601956042302475,70.0,14.352700094407323,A13-twin,d916f34
0.6,8630400.0,True,2004.0,156.5625,29171.0,29.0,True,-0.6975654064037783,0.20064788838968098,75.66666666666667,11.621818561080131,A13-twin,d916f34
0.6,8630600.0,True,2087.0,163.046875,33513.0,6.0,True,-0.7574616456882154,0.17479876274975079,73.83333333333333,10.759491933482114,A13-twin,d916f34
0.6,8630800.0,True,1982.0,154.84375,27843.0,8.0,True,-0.6441679812549626,0.22689870580570687,75.5,8.96102672688794,A13-twin,d916f34
0.6,8631000.0,True,1988.0,155.3125,27520.0,12.0,True,-0.7279026624537857,0.18711014595693992,75.0,12.696456198483101,A13-twin,d916f34
0.6,8631200.0,True,2046.0,159.84375,31499.0,14.0,True,-0.7433662010445686,0.18056509426748077,65.83333333333333,18.787407129954538,A13-twin,d916f34
0.6,8631400.0,True,2044.0,159.6875,30548.0,4.0,True,-0.9021272082876126,0.1252774173734388,81.33333333333333,13.966626889362608,A13-twin,d916f34
0.6,8631600.0,True,1995.0,155.859375,28424.0,4.0,True,-0.6918945531685943,0.2032850527743039,73.0,18.93145530591877,A13-twin,d916f34
0.6,8631800.0,True,2109.0,164.765625,32639.0,15.0,True,-0.88963373467062,0.12893364643463595,81.33333333333333,7.501111028818776,A13-twin,d916f34
0.6,8632000.0,True,2095.0,163.671875,31984.0,14.0,True,-0.6817877021377233,0.20807135618525852,78.66666666666667,22.06052281036573,A13-twin,d916f34
0.6,8632200.0,True,2036.0,159.0625,31116.0,7.0,True,-0.7403575285377176,0.18182034247494044,76.0,10.334408546211051,A13-twin,d916f34
0.6,8632400.0,True,1984.0,155.0,26655.0,7.0,True,-0.7422190817453173,0.18104265846416945,77.83333333333333,15.012217246851536,A13-twin,d916f34
0.6,8632600.0,True,2045.0,159.765625,29347.0,1.0,True,-0.7084079657169393,0.19570054462643005,72.5,5.718391382198319,A13-twin,d916f34
0.6,8632800.0,True,2137.0,166.953125,32363.0,10.0,True,-0.8993162952007735,0.12609088844349192,84.66666666666667,11.021191708098842,A13-twin,d916f34
0.6,8633000.0,True,2058.0,160.78125,31894.0,8.0,True,-0.6222536792347002,0.23864169265783647,67.83333333333333,11.250185183661051,A13-twin,d916f34
0.6,8633200.0,True,2056.0,160.625,32130.0,1.0,True,-0.7001280422956951,0.19946741419190195,67.16666666666667,13.717385562368168,A13-twin,d916f34
0.6,8633400.0,True,2101.0,164.140625,32090.0,2.0,True,-0.6581670704720386,0.21970145319356,82.33333333333333,13.880441875771343,A13-twin,d916f34
0.6,8633600.0,True,2123.0,165.859375,33149.0,8.0,True,-0.7913415654151523,0.16168079448053913,79.0,12.116104984688768,A13-twin,d916f34
0.6,8633800.0,True,2138.0,167.03125,32089.0,3.0,True,-0.8781199803507033,0.13239757165579352,77.33333333333333,16.82458518557491,A13-twin,d916f34
0.6,8634000.0,True,2037.0,159.140625,31641.0,5.0,True,-0.5953285840017085,0.25390509514263404,69.5,7.867655305108378,A13-twin,d916f34
0.6,8634200.0,True,2097.0,163.828125,33372.0,0.0,True,-0.620245912313756,0.23974750026791436,62.666666666666664,11.003029885748138,A13-twin,d916f34
0.6,8634400.0,True,2075.0,162.109375,30698.0,2.0,True,-1.0611248040820196,0.08687107502505802,78.0,8.717797887081348,A13-twin,d916f34
0.6,8634600.0,True,2130.0,166.40625,32945.0,3.0,True,-0.986410093494165,0.10317866551019715,89.33333333333333,12.452576707921404,A13-twin,d916f34
0.6,8634800.0,True,2055.0,160.546875,32116.0,9.0,True,-0.76800341821788,0.17060689609292712,72.66666666666667,13.109792777411345,A13-twin,d916f34
0.6,8635000.0,True,2007.0,156.796875,30504.0,14.0,True,-0.7327801913487973,0.18502048227337187,69.0,7.26636084983398,A13-twin,d916f34
0.6,8635200.0,True,2130.0,166.40625,31431.0,9.0,True,-0.7653354449036381,0.17165820034607454,77.33333333333333,9.563820714895625,A13-twin,d916f34
0.6,8635400.0,True,2023.0,158.046875,31615.0,4.0,True,-0.9962046460683188,0.10087774230233042,76.5,9.565563234854496,A13-twin,d916f34
0.6,8635600.0,True,1998.0,156.09375,30315.0,16.0,True,-0.6694767184164929,0.2140539673376708,73.5,6.833739825307955,A13-twin,d916f34
0.6,8635800.0,True,1993.0,155.703125,29341.0,9.0,True,-0.7741038763030835,0.16822716404406318,73.16666666666667,9.13053485107344,A13-twin,d916f34
0.6,8636000.0,True,1985.0,155.078125,28065.0,3.0,True,-0.7012012031843512,0.19897512986076732,63.833333333333336,6.997618642557386,A13-twin,d916f34
0.6,8636200.0,True,2006.0,156.71875,30154.0,8.0,True,-0.681709964596864,0.2081086037303006,77.66666666666667,11.826523862347155,A13-twin,d916f34
0.6,8636400.0,True,2017.0,157.578125,29091.0,4.0,True,-0.7103188363250899,0.19484136510229164,75.66666666666667,15.44884030167529,A13-twin,d916f34
0.6,8636600.0,True,2142.0,167.34375,33829.0,31.0,True,-0.6606662061603045,0.21844081782964916,79.5,12.437845472588892,A13-twin,d916f34
0.6,8636800.0,True,1985.0,155.078125,29107.0,6.0,True,-0.6722744196178708,0.21267947538983845,75.66666666666667,17.625738755203045,A13-twin,d916f34
0.6,8637000.0,True,1947.0,152.109375,31370.0,4.0,True,-0.652503577358975,0.2225852709982649,73.66666666666667,9.563820714895625,A13-twin,d916f34
0.6,8637200.0,True,2138.0,167.03125,33496.0,27.0,True,-0.7753781294386052,0.16773429612292662,83.33333333333333,11.147495981908524,A13-twin,d916f34
0.6,8637400.0,True,2112.0,165.0,32662.0,4.0,True,-0.73165783627984,0.18549925242619436,78.83333333333333,15.263245613783024,A13-twin,d916f34
0.6,8637600.0,True,2040.0,159.375,30165.0,9.0,True,-0.581053276957319,0.2623896637834388,75.16666666666667,8.280499179799891,A13-twin,d916f34
0.6,8637800.0,True,2095.0,163.671875,31281.0,6.0,True,-1.3199599182757553,0.04786742678889372,79.5,14.761436244485155,A13-twin,d916f34
0.6,8638000.0,True,2052.0,160.3125,29294.0,7.0,True,-0.7137229367166412,0.19332012322096673,72.0,6.6932802122726045,A13-twin,d916f34
0.6,8638200.0,True,2039.0,159.296875,31821.0,24.0,True,-0.7424575429520869,0.1809432793504654,78.0,13.236313686219438,A13-twin,d916f34
0.6,8638400.0,True,2053.0,160.390625,30289.0,7.0,True,-0.6055493103364094,0.2479994340060468,77.16666666666667,13.570801990548189,A13-twin,d916f34
0.6,8638600.0,True,2061.0,161.015625,31297.0,12.0,True,-0.6414589284213913,0.22831848370967212,76.0,18.920887928424502,A13-twin,d916f34
0.6,8638800.0,True,2082.0,162.65625,33735.0,11.0,True,-0.9141496014773068,0.12185697657315321,71.0,11.29601699715435,A13-twin,d916f34
0.6,8639000.0,True,2043.0,159.609375,30741.0,5.0,True,-0.7408526818492519,0.1816131612984337,63.833333333333336,12.384129628951188,A13-twin,d916f34
0.6,8639200.0,True,2046.0,159.84375,30545.0,24.0,True,-0.7136635170992595,0.19334657484328155,79.66666666666667,15.807171368295677,A13-twin,d916f34
0.6,8639400.0,True,2016.0,157.5,29822.0,10.0,True,-0.9491084727457041,0.11243241190142315,65.83333333333333,12.006942436218583,A13-twin,d916f34
0.6,8639600.0,True,2051.0,160.234375,31117.0,5.0,True,-0.6733416303693988,0.21215749045986287,76.83333333333333,2.9944392908634274,A13-twin,d916f34
1.0,8668000.0,True,1657.0,34.520833333333336,16957.0,11.0,True,-0.8160116656102532,0.15275250267451934,65.5,11.92895636675732,A13-twin,d916f34
1.0,8668200.0,True,1693.0,35.270833333333336,17733.0,27.0,True,-0.7594366650312133,0.17400564391962253,73.33333333333333,10.65207335060488,A13-twin,d916f34
1.0,8668400.0,True,1775.0,36.979166666666664,17297.0,1.0,True,-0.5846849105119442,0.2602046716364056,73.5,9.731392500562292,A13-twin,d916f34
1.0,8668600.0,True,1725.0,35.9375,18636.0,7.0,True,-0.619371250215891,0.2402308344256611,71.33333333333333,15.409953493332374,A13-twin,d916f34
1.0,8668800.0,True,1791.0,37.3125,19616.0,12.0,True,-0.7978138953372114,0.15928911694466125,71.16666666666667,9.948199167018455,A13-twin,d916f34
1.0,8669000.0,True,1712.0,35.666666666666664,17298.0,18.0,True,-0.7718562212701974,0.1691000666332141,70.33333333333333,6.314005596027506,A13-twin,d916f34
1.0,8669200.0,True,1753.0,36.520833333333336,18543.0,11.0,True,-0.9635929155739223,0.10874444583326315,73.33333333333333,6.0553007081949835,A13-twin,d916f34
1.0,8669400.0,True,1747.0,36.395833333333336,18547.0,36.0,True,-0.944589867348891,0.1136083186809578,77.16666666666667,14.524691620363809,A13-twin,d916f34
1.0,8669600.0,True,1751.0,36.479166666666664,17385.0,2.0,True,-0.6363336015161466,0.23102894690772546,65.5,9.20326029187483,A13-twin,d916f34
1.0,8669800.0,True,1708.0,35.583333333333336,16799.0,33.0,True,-0.7324177046085586,0.1851749752988049,71.5,10.483320084782301,A13-twin,d916f34
1.0,8670000.0,True,1681.0,35.020833333333336,18162.0,15.0,True,-0.7113195779496019,0.19439291044180354,67.5,12.177848742696717,A13-twin,d916f34
1.0,8670200.0,True,1740.0,36.25,17442.0,10.0,True,-0.7671821697819496,0.1709298180046384,77.66666666666667,12.516655570345726,A13-twin,d916f34
1.0,8670400.0,True,1735.0,36.145833333333336,18824.0,13.0,True,-0.7380366062834742,0.18279461337463776,69.16666666666667,8.084965470963168,A13-twin,d916f34
1.0,8670600.0,True,1839.0,38.3125,19596.0,19.0,True,-0.758534994363575,0.17436728510060956,79.5,10.483320084782301,A13-twin,d916f34
1.0,8670800.0,True,1743.0,36.3125,18875.0,5.0,True,-0.7580202092282037,0.17457409156520512,75.0,9.38083151964686,A13-twin,d916f34
1.0,8671000.0,True,1724.0,35.916666666666664,18638.0,29.0,True,-0.5453256040117374,0.28488815719613314,65.66666666666667,8.93681524183345,A13-twin,d916f34
1.0,8671200.0,True,1648.0,34.333333333333336,16245.0,14.0,True,-0.5242720499544098,0.29903908146309854,69.5,12.469963913339926,A13-twin,d916f34
1.0,8671400.0,True,1784.0,37.166666666666664,19624.0,8.0,True,-0.7575853258163541,0.17474898994310356,74.83333333333333,3.4302575219167823,A13-twin,d916f34
1.0,8671600.0,True,1736.0,36.166666666666664,17292.0,24.0,True,-0.9592364987515504,0.10984075293834902,78.16666666666667,9.020347369512256,A13-twin,d916f34
1.0,8671800.0,True,1710.0,35.625,16885.0,6.0,True,-0.7024955883833475,0.19838298087208456,71.5,14.067693485429658,A13-twin,d916f34
1.0,8672000.0,True,1694.0,35.291666666666664,18769.0,6.0,True,-0.5833519842785319,0.26100451238740957,60.333333333333336,8.286535263104035,A13-twin,d916f34
1.0,8672200.0,True,1720.0,35.833333333333336,17759.0,16.0,True,-0.7103224821559594,0.19483972944788783,72.0,11.189280584559492,A13-twin,d916f34
1.0,8672400.0,True,1715.0,35.729166666666664,18279.0,6.0,True,-0.6368382448437534,0.23076065082897507,69.5,6.774953874381729,A13-twin,d916f34
1.0,8672600.0,True,1743.0,36.3125,17990.0,23.0,True,-0.7692420787898768,0.17012099776886963,76.83333333333333,13.614942771332778,A13-twin,d916f34
1.0,8672800.0,True,1761.0,36.6875,17340.0,11.0,True,-0.7115676966073456,0.194281882706741,71.83333333333333,7.139094246938239,A13-twin,d916f34
1.0,8673000.0,True,1729.0,36.020833333333336,17414.0,10.0,True,-0.7301038367264074,0.18616419780716673,80.0,12.601587201618692,A13-twin,d916f34
1.0,8673200.0,True,1779.0,37.0625,19205.0,10.0,True,-0.7639236132693583,0.17221714558288878,75.5,17.24818831066034,A13-twin,d916f34
1.0,8673400.0,True,1683.0,35.0625,16113.0,7.0,True,-0.7522408347929919,0.17691276296053648,73.66666666666667,13.633292583476182,A13-twin,d916f34
1.0,8673600.0,True,1802.0,37.541666666666664,19070.0,26.0,True,-0.7504939091312318,0.17762581796793386,71.0,13.206059215375342,A13-twin,d916f34
1.0,8673800.0,True,1705.0,35.520833333333336,16504.0,36.0,True,-0.7872441556082334,0.16321341219684882,71.83333333333333,6.911343333004567,A13-twin,d916f34
1.0,8674000.0,True,1638.0,34.125,16135.0,4.0,True,-0.6495501598468549,0.22410411965919896,65.16666666666667,8.035338615557322,A13-twin,d916f34
1.0,8674200.0,True,1751.0,36.479166666666664,18451.0,7.0,True,-0.8011291920269294,0.15807777264620376,77.0,11.865917579353061,A13-twin,d916f34
1.0,8674400.0,True,1741.0,36.270833333333336,18176.0,10.0,True,-0.7809748476226107,0.16558658609739635,75.66666666666667,14.962174530016238,A13-twin,d916f34
1.0,8674600.0,True,1672.0,34.833333333333336,15840.0,15.0,True,-0.8211749610953945,0.1509471921555127,71.5,9.027735042633894,A13-twin,d916f34
1.0,8674800.0,True,1710.0,35.625,18036.0,25.0,True,-0.7227554960970338,0.18934092911048164,70.0,10.825894882179487,A13-twin,d916f34
1.0,8675000.0,True,1789.0,37.270833333333336,18672.0,5.0,True,-0.7737754181465138,0.16835444285311293,79.66666666666667,9.330952077181978,A13-twin,d916f34
1.0,8675200.0,True,1754.0,36.541666666666664,19883.0,8.0,True,-0.713619155191688,0.19336632563755568,77.16666666666667,10.907184176801392,A13-twin,d916f34
1.0,8675400.0,True,1751.0,36.479166666666664,18210.0,56.0,True,-0.7875851255243382,0.16308532163753744,75.0,5.727128425310541,A13-twin,d916f34
1.0,8675600.0,True,1771.0,36.895833333333336,17997.0,15.0,True,-0.8228301466788214,0.15037299624821,79.33333333333333,12.64383907943575,A13-twin,d916f34
1.0,8675800.0,True,1739.0,36.229166666666664,16558.0,10.0,True,-0.7095479097150462,0.19518753986976195,85.83333333333333,18.28022611092835,A13-twin,d916f34
1.0,8676000.0,True,1716.0,35.75,16522.0,17.0,True,-0.6850668676518985,0.2065062176891785,67.66666666666667,10.073066398404542,A13-twin,d916f34
1.0,8676200.0,True,1727.0,35.979166666666664,18312.0,42.0,True,-0.7872934204305193,0.16319489889758815,79.16666666666667,10.107752800037536,A13-twin,d916f34
1.0,8676400.0,True,1711.0,35.645833333333336,16247.0,8.0,True,-0.5737412744944872,0.2668447885546529,72.83333333333333,11.321071798494463,A13-twin,d916f34
1.0,8676600.0,True,1671.0,34.8125,18206.0,41.0,True,-0.7065305476692068,0.1965483726329272,73.33333333333333,14.65150731722394,A13-twin,d916f34
1.0,8676800.0,True,1768.0,36.833333333333336,18533.0,4.0,True,-0.7049181555103349,0.19727944819029375,80.33333333333333,9.136009340333812,A13-twin,d916f34
1.0,8677000.0,True,1721.0,35.854166666666664,18371.0,6.0,True,-0.8375449994448289,0.14536337594683157,66.83333333333333,5.946988033169956,A13-twin,d916f34
1.0,8677200.0,True,1787.0,37.229166666666664,21123.0,5.0,True,-0.6966101661340344,0.20108970354847977,66.83333333333333,4.355073669487885,A13-twin,d916f34
1.0,8677400.0,True,1726.0,35.958333333333336,18817.0,7.0,True,-0.7301325859150747,0.18615187461926985,76.83333333333333,13.257702163899545,A13-twin,d916f34
1.0,8677600.0,True,1714.0,35.708333333333336,17094.0,22.0,True,-0.5357191626481509,0.29125999475231557,75.5,11.945710527214361,A13-twin,d916f34
1.0,8677800.0,True,1729.0,36.020833333333336,17327.0,5.0,True,-0.8464053773708864,0.14242775296676236,73.5,12.144957801491119,A13-twin,d916f34
1.0,8678000.0,True,1788.0,37.25,17885.0,11.0,True,-0.7722458715480345,0.16894841759960158,77.83333333333333,9.04249228181405,A13-twin,d916f34
1.0,8678200.0,True,1697.0,35.354166666666664,18290.0,11.0,True,-0.6424565817251375,0.22779459664645363,72.33333333333333,12.110601416389967,A13-twin,d916f34
1.0,8678400.0,True,1686.0,35.125,16865.0,13.0,True,-0.8062257469829092,0.15623353270762147,74.33333333333333,9.025888691240695,A13-twin,d916f34
1.0,8678600.0,True,1790.0,37.291666666666664,18555.0,21.0,True,-0.6293371928312657,0.234780923826316,74.5,10.94988584415381,A13-twin,d916f34
1.0,8678800.0,True,1690.0,35.208333333333336,17868.0,39.0,True,-0.5235383564937596,0.29954470255873267,70.16666666666667,15.118421434351758,A13-twin,d916f34
1.0,8679000.0,True,1749.0,36.4375,18348.0,8.0,True,-0.7958149084093202,0.1600239888161571,75.5,8.757853618324527,A13-twin,d916f34
1.0,8679200.0,True,1751.0,36.479166666666664,17156.0,15.0,True,-0.8466881984718645,0.14233503140949583,78.0,16.792855623746664,A13-twin,d916f34
1.0,8679400.0,True,1753.0,36.520833333333336,17955.0,7.0,True,-0.8573563000285812,0.13888127662412475,72.83333333333333,9.765585833254791,A13-twin,d916f34
1.0,8679600.0,True,1709.0,35.604166666666664,18073.0,4.0,True,-0.8035237493769442,0.15720858206599841,73.16666666666667,8.818541073594128,A13-twin,d916f34
1.0,8679800.0,True,1756.0,36.583333333333336,19198.0,17.0,True,-0.7218602313863259,0.18973164346558796,80.5,14.152738250953417,A13-twin,d916f34
1.0,8680000.0,True,1773.0,36.9375,19922.0,16.0,True,-0.783518156574904,0.16461971422290614,74.66666666666667,12.894443247642245,A13-twin,d916f34
1.0,8680200.0,True,1749.0,36.4375,18093.0,3.0,True,-0.5888383379796025,0.25772803467419286,73.66666666666667,11.826523862347154,A13-twin,d916f34
1.0,8680400.0,True,1760.0,36.666666666666664,18197.0,9.0,True,-0.8205866601606235,0.15115180573348844,72.16666666666667,6.940220937885671,A13-twin,d916f34
1.0,8680600.0,True,1748.0,36.416666666666664,19005.0,6.0,True,-0.7754331577616961,0.16771304429338135,73.5,6.220932405998316,A13-twin,d916f34
1.0,8680800.0,True,1710.0,35.625,16807.0,30.0,True,-0.7558089152414007,0.17546523596156796,73.0,8.461678320522472,A13-twin,d916f34
1.0,8681000.0,True,1800.0,37.5,20325.0,5.0,True,-0.6798154122782152,0.2090184330908627,72.5,11.623252556836231,A13-twin,d916f34
1.0,8681200.0,True,1712.0,35.666666666666664,16355.0,9.0,True,-0.6529897071108727,0.2223362584282885,73.66666666666667,13.26147302024427,A13-twin,d916f34
1.0,8681400.0,True,1738.0,36.208333333333336,16957.0,13.0,True,-0.760316150866473,0.17365362321801175,76.0,10.936178491593852,A13-twin,d916f34
1.0,8681600.0,True,1730.0,36.041666666666664,18541.0,5.0,True,-0.9123162161915577,0.12237248627591474,72.33333333333333,11.927559124425528,A13-twin,d916f34
1.0,8681800.0,True,1709.0,35.604166666666664,16892.0,22.0,True,-0.7537467870263713,0.17630036562528775,66.66666666666667,6.742897497861485,A13-twin,d916f34
1.0,8682000.0,True,1645.0,34.270833333333336,16142.0,20.0,True,-0.8866526905462792,0.12982170525686215,76.5,8.455767262643882,A13-twin,d916f34
1.0,8682200.0,True,1706.0,35.541666666666664,16622.0,22.0,True,-0.6544162274194368,0.22160715208691145,65.16666666666667,10.53407170407847,A13-twin,d916f34
1.0,8682400.0,True,1694.0,35.291666666666664,18047.0,21.0,True,-0.8915307839363253,0.12837167740226563,70.66666666666667,14.624180888742682,A13-twin,d916f34
1.0,8682600.0,True,1681.0,35.020833333333336,17027.0,26.0,True,-0.866582924074783,0.13596185332913344,72.66666666666667,7.966596931354483,A13-twin,d916f34
1.0,8682800.0,True,1795.0,37.395833333333336,18839.0,2.0,True,-0.9217394292995134,0.11974587745701884,75.0,7.211102550927978,A13-twin,d916f34
1.0,8683000.0,True,1726.0,35.958333333333336,17982.0,35.0,True,-0.6442572594462002,0.22685206688925244,69.66666666666667,10.500793620801558,A13-twin,d916f34
1.0,8683200.0,True,1726.0,35.958333333333336,18692.0,13.0,True,-0.6638381161114716,0.21685122702344273,64.0,11.009087155618309,A13-twin,d916f34
1.0,8683400.0,True,1753.0,36.520833333333336,18707.0,4.0,True,-0.5886026044884131,0.25786796650326427,69.16666666666667,8.818541073594128,A13-twin,d916f34
1.0,8683600.0,True,1707.0,35.5625,17339.0,12.0,True,-0.6305124153193427,0.23414645379948726,65.83333333333333,9.239408350466315,A13-twin,d916f34
1.0,8683800.0,True,1771.0,36.895833333333336,18625.0,11.0,True,-0.6916057434188754,0.20342028412897925,76.66666666666667,13.69184672228939,A13-twin,d916f34
1.0,8684000.0,True,1750.0,36.458333333333336,17195.0,26.0,True,-0.7187785439328377,0.19108273820302388,76.5,15.971850237214221,A13-twin,d916f34
1.0,8684200.0,True,1759.0,36.645833333333336,20160.0,16.0,True,-0.7641746133466023,0.172117641606465,71.16666666666667,4.833908011812665,A13-twin,d916f34
1.0,8684400.0,True,1662.0,34.625,16611.0,5.0,True,-0.8718457225368712,0.13432420456506347,76.83333333333333,7.277820186475252,A13-twin,d916f34
1.0,8684600.0,True,1726.0,35.958333333333336,17319.0,12.0,True,-0.6978799808535074,0.2005026048373835,72.16666666666667,12.998717885494194,A13-twin,d916f34
1.0,8684800.0,True,1738.0,36.208333333333336,19275.0,2.0,True,-0.7180686692380075,0.19139532729969783,75.16666666666667,13.482086880993856,A13-twin,d916f34
1.0,8685000.0,True,1681.0,35.020833333333336,15671.0,15.0,True,-0.8421473749155717,0.1438310414453989,75.16666666666667,17.34839089560374,A13-twin,d916f34
1.0,8685200.0,True,1722.0,35.875,16989.0,11.0,True,-0.5000153609706317,0.31621658125690144,70.5,10.597169433391164,A13-twin,d916f34
1.0,8685400.0,True,1668.0,34.75,16572.0,3.0,True,-0.8963158298831715,0.12696504476192538,75.16666666666667,11.651895410904899,A13-twin,d916f34
1.0,8685600.0,True,1771.0,36.895833333333336,19137.0,32.0,True,-0.6634259576599179,0.21705712300841917,74.83333333333333,13.526517166908363,A13-twin,d916f34
1.0,8685800.0,True,1775.0,36.979166666666664,20282.0,14.0,True,-0.6899214861372275,0.204210709332486,77.33333333333333,12.044362443345296,A13-twin,d916f34
1.0,8686000.0,True,1706.0,35.541666666666664,16906.0,7.0,True,-0.6687240743511805,0.21442525027237058,76.0,11.242775458044157,A13-twin,d916f34
1.0,8686200.0,True,1828.0,38.083333333333336,19286.0,27.0,True,-0.7523939158585825,0.1768504153530963,78.16666666666667,10.206207261596576,A13-twin,d916f34
1.0,8686400.0,True,1734.0,36.125,17055.0,12.0,True,-0.8247163191349655,0.14972133154924777,86.5,15.527395145355193,A13-twin,d916f34
1.0,8686600.0,True,1803.0,37.5625,18021.0,8.0,True,-0.6172634814564639,0.24139958466379868,80.83333333333333,12.17237309100681,A13-twin,d916f34
1.0,8686800.0,True,1727.0,35.979166666666664,17453.0,4.0,True,-0.7458745918642041,0.179525195415981,73.0,10.526157893552615,A13-twin,d916f34
1.0,8687000.0,True,1720.0,35.833333333333336,18050.0,11.0,True,-0.7427572163297732,0.18081846731076007,74.66666666666667,18.93849694845572,A13-twin,d916f34
1.0,8687200.0,True,1710.0,35.625,18954.0,6.0,True,-0.6533656698902234,0.22214386826409732,73.83333333333333,13.287839051804724,A13-twin,d916f34
1.0,8687400.0,True,1687.0,35.145833333333336,16560.0,14.0,True,-0.8443006571167391,0.1431196755043336,70.16666666666667,10.59087657687817,A13-twin,d916f34
1.0,8687600.0,True,1704.0,35.5,18392.0,0.0,True,-0.8376896708547574,0.14531496082048384,68.16666666666667,9.96828303504002,A13-twin,d916f34
1.0,8687800.0,True,1736.0,36.166666666666664,16920.0,9.0,True,-0.7234454573160894,0.18904036305038258,79.5,8.666025617317317,A13-twin,d916f34
1.0,8688000.0,True,1716.0,35.75,16606.0,8.0,True,-0.6397754714538733,0.22920523285815186,69.0,12.214745187681975,A13-twin,d916f34
1.0,8688200.0,True,1733.0,36.104166666666664,16203.0,9.0,True,-0.7141726809751602,0.19312002946932622,76.66666666666667,9.521904571390467,A13-twin,d916f34
1.0,8688400.0,True,1748.0,36.416666666666664,18255.0,0.0,True,-0.7540692299414662,0.17616951960168997,72.66666666666667,13.3815793786334,A13-twin,d916f34
1.0,8688600.0,True,1736.0,36.166666666666664,17623.0,23.0,True,-0.7918040994209585,0.16150869223192366,72.33333333333333,13.109792777411345,A13-twin,d916f34
1.0,8688800.0,True,1661.0,34.604166666666664,16531.0,23.0,True,-0.9622516247842698,0.10908081527429576,76.16666666666667,22.99057778018349,A13-twin,d916f34
1.0,8689000.0,True,1728.0,36.0,17085.0,9.0,True,-0.9249639439753485,0.11886009034421352,73.16666666666667,6.645800679125629,A13-twin,d916f34
1.0,8689200.0,True,1772.0,36.916666666666664,17271.0,26.0,True,-0.6266890835572875,0.23621687319009627,74.5,6.123724356957945,A13-twin,d916f34
1.0,8689400.0,True,1640.0,34.166666666666664,15929.0,18.0,True,-0.65499987612132,0.22130953408715223,69.0,6.29285308902091,A13-twin,d916f34
1.0,8689600.0,True,1744.0,36.333333333333336,18418.0,27.0,True,-0.7578410461046104,0.17464612492796774,73.16666666666667,15.497311594811103,A13-twin,d916f34
1.0,8689800.0,True,1716.0,35.75,18072.0,14.0,True,-0.7065062941512549,0.19655934933835023,70.33333333333333,8.262364471909157,A13-twin,d916f34
1.0,8690000.0,True,1713.0,35.6875,18048.0,4.0,True,-0.7842077200851505,0.16435854195050115,76.16666666666667,13.862419221285537,A13-twin,d916f34
1.0,8690200.0,True,1675.0,34.895833333333336,17973.0,5.0,True,-0.6512320600609829,0.2232379059038055,68.33333333333333,9.542885657214315,A13-twin,d916f34
1.0,8690400.0,True,1732.0,36.083333333333336,17711.0,8.0,True,-0.642156340175757,0.22795213272439535,70.0,11.593101396951552,A13-twin,d916f34
1.0,8690600.0,True,1771.0,36.895833333333336,19936.0,10.0,True,-0.9339556288831675,0.11642449722315014,70.5,8.826097665446492,A13-twin,d916f34
1.0,8690800.0,True,1735.0,36.145833333333336,18783.0,24.0,True,-0.757216287165567,0.17489754476366093,79.16666666666667,17.26750319723922,A13-twin,d916f34
1.0,8691000.0,True,1700.0,35.416666666666664,16428.0,24.0,True,-0.7195601190122366,0.1907391667123149,80.0,21.77154105707724,A13-twin,d916f34
1.0,8691200.0,True,1799.0,37.479166666666664,19456.0,26.0,True,-0.7248317052558062,0.18843791693899972,87.83333333333333,12.92155821356955,A13-twin,d916f34
1.0,8691400.0,True,1751.0,36.479166666666664,18170.0,62.0,True,-0.8047572482348528,0.15676270607502127,73.0,17.977764043395386,A13-twin,d916f34
1.0,8691600.0,True,1680.0,35.0,16536.0,8.0,True,-0.7098690340666484,0.19504326839638167,65.5,11.20267825120404,A13-twin,d916f34
1.0,8691800.0,True,1688.0,35.166666666666664,18211.0,28.0,True,-0.6067169102787678,0.2473335834387987,68.66666666666667,9.157874571463985,A13-twin,d916f34
1.0,8692000.0,True,1797.0,37.4375,20211.0,28.0,True,-0.8257448415064511,0.14936717200313496,74.5,11.397368117245314,A13-twin,d916f34
1.0,8692200.0,True,1754.0,36.541666666666664,19312.0,10.0,True,-0.7992213349104691,0.1587737363982316,75.5,13.427583550289308,A13-twin,d916f34
1.0,8692400.0,True,1819.0,37.895833333333336,20888.0,11.0,True,-0.6313324523286865,0.233704754436936,72.83333333333333,6.145459028149701,A13-twin,d916f34
1.0,8692600.0,True,1778.0,37.041666666666664,20304.0,14.0,True,-0.8027206833209753,0.1574995497811569,77.66666666666667,17.78388783890257,A13-twin,d916f34
1.0,8692800.0,True,1697.0,35.354166666666664,19120.0,6.0,True,-0.8155875956144635,0.15290173180939542,76.0,9.20869154657707,A13-twin,d916f34
1.0,8693000.0,True,1658.0,34.541666666666664,15904.0,10.0,True,-0.7484855392565243,0.17844914059263076,68.0,9.2951600308978,A13-twin,d916f34
1.0,8693200.0,True,1757.0,36.604166666666664,18361.0,20.0,True,-0.7864132352011546,0.1635259816153069,78.16666666666667,12.952477240538455,A13-twin,d916f34
1.0,8693400.0,True,1699.0,35.395833333333336,16711.0,19.0,True,-0.6962277614236457,0.20126684490746036,73.5,20.18662923818635,A13-twin,d916f34
1.0,8693600.0,True,1756.0,36.583333333333336,19087.0,29.0,True,-0.6463630970618154,0.2257547531551194,80.66666666666667,8.733078876700167,A13-twin,d916f34
1.0,8693800.0,True,1759.0,36.645833333333336,18903.0,13.0,True,-0.7160223469285467,0.1922992777416172,78.83333333333333,9.064583093924764,A13-twin,d916f34
1.0,8694000.0,True,1733.0,36.104166666666664,20051.0,39.0,True,-0.8652493121995517,0.13638000053128077,66.5,11.77709641634983,A13-twin,d916f34
1.0,8694200.0,True,1727.0,35.979166666666664,16911.0,14.0,True,-0.8142971750374448,0.1533567248383816,77.33333333333333,13.633292583476182,A13-twin,d916f34
1.0,8694400.0,True,1760.0,36.666666666666664,18764.0,13.0,True,-0.8772732980205974,0.13265594018599666,73.66666666666667,12.209286083414815,A13-twin,d916f34
1.0,8694600.0,True,1785.0,37.1875,19075.0,35.0,True,-0.7878448985735499,0.16298780139443042,78.16666666666667,19.994165815724013,A13-twin,d916f34
1.0,8694800.0,True,1809.0,37.6875,18857.0,29.0,True,-0.7669101116096095,0.17103692832821224,79.66666666666667,11.003029885748138,A13-twin,d916f34
1.0,8695000.0,True,1727.0,35.979166666666664,18796.0,2.0,True,-0.5982005850553247,0.2522315536268822,63.833333333333336,13.09070917355766,A13-twin,d916f34
1.0,8695200.0,True,1755.0,36.5625,18029.0,7.0,True,-0.6538161551422876,0.22191356220001757,77.83333333333333,18.680649524753328,A13-twin,d916f34
1.0,8695400.0,True,1738.0,36.208333333333336,17005.0,10.0,True,-0.7607917107800629,0.173463573592119,70.66666666666667,7.004760286167305,A13-twin,d916f34
1.0,8695600.0,True,1766.0,36.791666666666664,19343.0,4.0,True,-0.7194178858712319,0.19080164476558775,81.83333333333333,15.71517313511584,A13-twin,d916f34
1.0,8695800.0,True,1752.0,36.5,17961.0,6.0,True,-0.6313562984446598,0.23369192259606802,71.83333333333333,6.997618642557385,A13-twin,d916f34
1.0,8696000.0,True,1770.0,36.875,18740.0,32.0,True,-0.8041365795437228,0.15698690248305336,78.5,11.166915420114902,A13-twin,d916f34
1.0,8696200.0,True,1711.0,35.645833333333336,18061.0,32.0,True,-0.7232972840456668,0.1891048711409019,70.16666666666667,9.703951085339758,A13-twin,d916f34
1.0,8696400.0,True,1765.0,36.770833333333336,18970.0,6.0,True,-0.8146307346678199,0.15323898451387802,72.33333333333333,7.659416862050705,A13-twin,d916f34
1.0,8696600.0,True,1770.0,36.875,17610.0,4.0,True,-0.7227599838663672,0.18933897257163446,87.5,7.341661937191061,A13-twin,d916f34
1.0,8696800.0,True,1696.0,35.333333333333336,17566.0,7.0,True,-0.7410709696336747,0.18152190070249635,77.33333333333333,6.3456021516217564,A13-twin,d916f34
1.0,8697000.0,True,1729.0,36.020833333333336,17522.0,3.0,True,-0.6515879751851296,0.22305503183555234,74.33333333333333,13.6772316887105,A13-twin,d916f34
1.0,8697200.0,True,1775.0,36.979166666666664,17295.0,11.0,True,-0.9193117877997168,0.12041711339192718,73.66666666666667,6.121002096606949,A13-twin,d916f34
1.0,8697400.0,True,1765.0,36.770833333333336,18548.0,13.0,True,-1.0275788158522234,0.09384717071777476,78.16666666666667,15.250136611409967,A13-twin,d916f34
1.0,8697600.0,True,1695.0,35.3125,16794.0,9.0,True,-0.8569438076454696,0.1390132485591891,72.0,11.916375287812984,A13-twin,d916f34
1.0,8697800.0,True,1752.0,36.5,18197.0,2.0,True,-0.9493169797147927,0.11237844548975354,74.83333333333333,13.317907743585952,A13-twin,d916f34
1.0,8698000.0,True,1784.0,37.166666666666664,18585.0,13.0,True,-0.7372490793320924,0.18312638430518433,82.16666666666667,7.305249254246338,A13-twin,d916f34
1.0,8698200.0,True,1713.0,35.6875,17530.0,8.0,True,-0.9847384990190327,0.10357656427190526,67.0,7.321202087089251,A13-twin,d916f34
1.0,8698400.0,True,1775.0,36.979166666666664,19603.0,9.0,True,-0.8659511846630117,0.136159771944648,80.33333333333333,7.366591251499344,A13-twin,d916f34
1.0,8698600.0,True,1838.0,38.291666666666664,19835.0,18.0,True,-0.7968748658001988,0.15963390375669434,77.16666666666667,10.666145820617054,A13-twin,d916f34
1.0,8698800.0,True,1675.0,34.895833333333336,17274.0,12.0,True,-0.6770412934300172,0.2103578418579129,76.0,13.0843417870369,A13-twin,d916f34
1.0,8699000.0,True,1709.0,35.604166666666664,15845.0,15.0,True,-0.6055259809788505,0.24801275635553766,76.5,19.977487329491666,A13-twin,d916f34
1.0,8699200.0,True,1727.0,35.979166666666664,17972.0,40.0,True,-0.7173177209597245,0.1917265595183696,74.83333333333333,11.617515511789371,A13-twin,d916f34
1.0,8699400.0,True,1736.0,36.166666666666664,18605.0,12.0,True,-0.7553489398070065,0.1756511753592031,77.66666666666667,18.60824190155176,A13-twin,d916f34
1.0,8699600.0,True,1721.0,35.854166666666664,17867.0,5.0,True,-0.6378045433526643,0.2302477827213662,70.83333333333333,13.09070917355766,A13-twin,d916f34
1.0,8699800.0,True,1671.0,34.8125,16841.0,13.0,True,-0.6768637838241706,0.21044383919683413,69.33333333333333,11.290113669342158,A13-twin,d916f34
1.0,8700000.0,True,1772.0,36.916666666666664,19388.0,19.0,True,-0.8643985288540091,0.1366474309580759,73.5,8.043631020876083,A13-twin,d916f34
1.0,8700200.0,True,1757.0,36.604166666666664,19586.0,5.0,True,-0.7655438329173537,0.17157585315510532,69.66666666666667,8.06639117986889,A13-twin,d916f34
1.0,8700400.0,True,1774.0,36.958333333333336,19441.0,34.0,True,-1.1660959201663923,0.06821880064941246,85.16666666666667,12.983322635853531,A13-twin,d916f34
1.0,8700600.0,True,1713.0,35.6875,18192.0,7.0,True,-0.637265728966867,0.23053362058865468,71.83333333333333,5.419102016632153,A13-twin,d916f34
1.0,8700800.0,True,1733.0,36.104166666666664,17335.0,15.0,True,-0.7470469051359255,0.1790412473554718,76.66666666666667,9.179687721631202,A13-twin,d916f34
1.0,8701000.0,True,1737.0,36.1875,18913.0,5.0,True,-0.6496903380550124,0.22403179674025325,74.83333333333333,13.81906895078922,A13-twin,d916f34
1.0,8701200.0,True,1667.0,34.729166666666664,17209.0,6.0,True,-0.9765208676578673,0.10555507832488946,71.83333333333333,8.328665359267754,A13-twin,d916f34
1.0,8701400.0,True,1715.0,35.729166666666664,16208.0,3.0,True,-0.6690595742747611,0.21425966706115562,78.66666666666667,20.64622645101682,A13-twin,d916f34
1.0,8701600.0,True,1743.0,36.3125,17512.0,5.0,True,-0.6388280511645438,0.22970579349506254,78.66666666666667,14.528133626404552,A13-twin,d916f34
1.0,8701800.0,True,1720.0,35.833333333333336,18300.0,13.0,True,-0.7947371787983197,0.16042159174233306,71.5,11.536897329871667,A13-twin,d916f34
1.0,8702000.0,True,1783.0,37.145833333333336,19517.0,10.0,True,-0.8134498624955457,0.15365621728499357,78.66666666666667,10.93008081702357,A13-twin,d916f34
1.0,8702200.0,True,1800.0,37.5,18217.0,4.0,True,-0.7347418790820668,0.18418663809871436,83.66666666666667,8.981462390204987,A13-twin,d916f34
1.0,8702400.0,True,1840.0,38.333333333333336,19966.0,11.0,True,-0.7700524030818144,0.16980387504058553,78.33333333333333,13.231276078544603,A13-twin,d916f34
1.0,8702600.0,True,1791.0,37.3125,19653.0,3.0,True,-0.870285111138501,0.1348077588990352,74.66666666666667,20.30435092946009,A13-twin,d916f34
1.0,8702800.0,True,1766.0,36.791666666666664,19071.0,3.0,True,-0.8346615816881843,0.14633170009929047,68.0,6.6332495807108,A13-twin,d916f34
1.0,8703000.0,True,1695.0,35.3125,16899.0,9.0,True,-0.8937111887936401,0.12772879387292022,70.16666666666667,15.458546719102241,A13-twin,d916f34
1.0,8703200.0,True,1701.0,35.4375,16522.0,5.0,True,-0.8353011193616398,0.14611637209756087,80.0,6.511528238439882,A13-twin,d916f34
1.0,8703400.0,True,1704.0,35.5,18269.0,10.0,True,-0.7275977935993315,0.18724154086292272,64.33333333333333,9.93310961716756,A13-twin,d916f34
1.0,8703600.0,True,1745.0,36.354166666666664,17079.0,15.0,True,-0.6958267040149365,0.20145279440743324,74.16666666666667,10.962055768270233,A13-twin,d916f34
1.5,8732000.0,True,1758.0,8.617647058823529,16443.0,12.0,True,-0.6130032678229549,0.24377924752754992,72.83333333333333,13.136463248023292,A13-twin,d916f34
1.5,8732200.0,True,1701.0,8.338235294117647,16849.0,3.0,True,-0.6671947629639734,0.21518165183385274,65.5,14.237275020171522,A13-twin,d916f34
1.5,8732400.0,True,1767.0,8.661764705882353,17681.0,13.0,True,-0.8951277815547979,0.12731284359935807,80.66666666666667,12.044362443345296,A13-twin,d916f34
1.5,8732600.0,True,1683.0,8.25,14671.0,9.0,True,-0.8056139305551294,0.15645378326686654,72.83333333333333,10.628577828979127,A13-twin,d916f34
1.5,8732800.0,True,1735.0,8.504901960784315,15477.0,6.0,True,-0.6834081170528974,0.20729645867942087,71.16666666666667,7.859177225808479,A13-twin,d916f34
1.5,8733000.0,True,1666.0,8.166666666666666,14695.0,38.0,True,-0.671847916743251,0.21288844180894678,72.66666666666667,8.382521498133285,A13-twin,d916f34
1.5,8733200.0,True,1698.0,8.323529411764707,15522.0,26.0,True,-0.6921754761313881,0.2031536005552868,77.5,10.502380682492898,A13-twin,d916f34
1.5,8733400.0,True,1759.0,8.622549019607844,17108.0,13.0,True,-0.7634176284572307,0.17241790807287852,81.83333333333333,12.335585379975555,A13-twin,d916f34
1.5,8733600.0,True,1722.0,8.441176470588236,16840.0,14.0,True,-0.8377822414499215,0.14528398999440834,74.5,9.5236547606473,A13-twin,d916f34
1.5,8733800.0,True,1674.0,8.205882352941176,13951.0,9.0,True,-1.0251531606897621,0.09437279972659841,77.16666666666667,6.554896388705672,A13-twin,d916f34
1.5,8734000.0,True,1766.0,8.656862745098039,16876.0,7.0,True,-0.7252585374118123,0.18825280786212678,68.16666666666667,9.621157241551906,A13-twin,d916f34
1.5,8734200.0,True,1781.0,8.730392156862745,17190.0,3.0,True,-0.6035524563132587,0.2491423426189603,74.5,13.003845585056753,A13-twin,d916f34
1.5,8734400.0,True,1753.0,8.593137254901961,15890.0,12.0,True,-0.8675333435652072,0.13566463678822704,75.0,9.959919678390985,A13-twin,d916f34
1.5,8734600.0,True,1785.0,8.75,15980.0,25.0,True,-0.7903380627260662,0.16205481421008716,73.0,10.862780491200215,A13-twin,d916f34
1.5,8734800.0,True,1663.0,8.151960784313726,14837.0,16.0,True,-1.2219523968915789,0.05998568230832285,76.66666666666667,16.2931478440069,A13-twin,d916f34
1.5,8735000.0,True,1733.0,8.495098039215685,16042.0,14.0,True,-0.5521688234753582,0.28043432925007344,65.0,9.20869154657707,A13-twin,d916f34
1.5,8735200.0,True,1701.0,8.338235294117647,13522.0,2.0,True,-0.8283554997841257,0.1484719799865063,80.0,16.06237840420901,A13-twin,d916f34
1.5,8735400.0,True,1828.0,8.96078431372549,16944.0,17.0,True,-0.7794549342639099,0.1661671096595515,79.16666666666667,9.347013783378447,A13-twin,d916f34
1.5,8735600.0,True,1758.0,8.617647058823529,17080.0,8.0,True,-0.576265982244121,0.2652980255183477,68.5,10.52140675005011,A13-twin,d916f34
1.5,8735800.0,True,1665.0,8.161764705882353,14654.0,5.0,True,-0.7683858116199396,0.17045674396959726,69.0,12.633289357883005,A13-twin,d916f34
1.5,8736000.0,True,1726.0,8.46078431372549,15200.0,16.0,True,-0.8465192434505692,0.14239041525076207,74.83333333333333,10.907184176801392,A13-twin,d916f34
1.5,8736200.0,True,1745.0,8.553921568627452,16469.0,6.0,True,-0.7149851524587177,0.1927590812013345,74.0,14.042791745233567,A13-twin,d916f34
1.5,8736400.0,True,1733.0,8.495098039215685,15611.0,13.0,True,-0.6752925370833159,0.21120658908909473,68.16666666666667,11.68617416722285,A13-twin,d916f34
1.5,8736600.0,True,1757.0,8.612745098039216,16091.0,10.0,True,-1.010267838153345,0.09766347248856713,80.33333333333333,11.97775716345371,A13-twin,d916f34
1.5,8736800.0,True,1755.0,8.602941176470589,16921.0,5.0,True,-0.6900594203361233,0.20414586124173237,74.5,9.22496612459905,A13-twin,d916f34
1.5,8737000.0,True,1719.0,8.426470588235293,16944.0,10.0,True,-0.8354175664595278,0.14607719926136303,71.5,13.605146085213491,A13-twin,d916f34
1.5,8737200.0,True,1668.0,8.176470588235293,15209.0,12.0,True,-0.7207581149787617,0.19021374010039346,69.66666666666667,8.801515021101007,A13-twin,d916f34
1.5,8737400.0,True,1735.0,8.504901960784315,14818.0,22.0,True,-0.6913795281177189,0.20352626928293496,72.33333333333333,9.647106647418523,A13-twin,d916f34
1.5,8737600.0,True,1763.0,8.642156862745098,15029.0,1.0,True,-0.8067919124615033,0.15602999247108956,79.5,12.078907235342111,A13-twin,d916f34
1.5,8737800.0,True,1710.0,8.382352941176471,15683.0,1.0,True,-0.8218741032964436,0.15070438766143676,67.66666666666667,8.640987597877146,A13-twin,d916f34
1.5,8738000.0,True,1811.0,8.877450980392156,17151.0,5.0,True,-0.6305952416224291,0.23410180290760602,74.33333333333333,10.966616007988364,A13-twin,d916f34
1.5,8738200.0,True,1701.0,8.338235294117647,14320.0,11.0,True,-0.7592330084192794,0.17408726068341368,77.33333333333333,2.943920288775949,A13-twin,d916f34
1.5,8738400.0,True,1748.0,8.568627450980392,16535.0,5.0,True,-0.7015121984251916,0.19883269616596821,69.83333333333333,11.178849076119898,A13-twin,d916f34
1.5,8738600.0,True,1752.0,8.588235294117647,16666.0,21.0,True,-0.7568375246543072,0.17505014520297463,75.0,13.371611720357423,A13-twin,d916f34
1.5,8738800.0,True,1728.0,8.470588235294118,15681.0,21.0,True,-0.7554432021613809,0.17561305491949764,78.0,10.430723848324238,A13-twin,d916f34
1.5,8739000.0,True,1800.0,8.823529411764707,16500.0,17.0,True,-0.6793209438865913,0.20925654771503077,85.33333333333333,10.44349877515513,A13-twin,d916f34
1.5,8739200.0,True,1689.0,8.279411764705882,14789.0,7.0,True,-0.6682922870821306,0.21463854364389862,68.83333333333333,10.53407170407847,A13-twin,d916f34
1.5,8739400.0,True,1723.0,8.446078431372548,16341.0,25.0,True,-0.6171705824051229,0.24145122748230743,70.0,5.329165037789691,A13-twin,d916f34
1.5,8739600.0,True,1730.0,8.480392156862745,14722.0,7.0,True,-0.8180015547667486,0.15205420862083302,71.5,9.311283477587825,A13-twin,d916f34
1.5,8739800.0,True,1721.0,8.436274509803921,15316.0,30.0,True,-0.638422724552373,0.2299202777592737,73.16666666666667,17.151287609583914,A13-twin,d916f34
1.5,8740000.0,True,1704.0,8.352941176470589,16160.0,5.0,True,-0.642781416731743,0.2276242790477252,66.83333333333333,7.859177225808479,A13-twin,d916f34
1.5,8740200.0,True,1768.0,8.666666666666666,16561.0,8.0,True,-0.7056847356625795,0.19693153421827372,68.5,7.52994023880668,A13-twin,d916f34
1.5,8740400.0,True,1758.0,8.617647058823529,16052.0,12.0,True,-0.839319578622175,0.1447706156824545,82.0,11.242775458044157,A13-twin,d916f34
1.5,8740600.0,True,1800.0,8.823529411764707,17434.0,18.0,True,-0.7062149402834905,0.19669125877555443,69.5,7.816648898345122,A13-twin,d916f34
1.5,8740800.0,True,1757.0,8.612745098039216,16058.0,9.0,True,-0.7230524827982696,0.18921149500990259,84.83333333333333,12.560520159080461,A13-twin,d916f34
1.5,8741000.0,True,1657.0,8.122549019607844,14318.0,27.0,True,-0.7678935550425409,0.1706500598610038,77.83333333333333,10.264826674945207,A13-twin,d916f34
1.5,8741200.0,True,1762.0,8.637254901960784,16449.0,5.0,True,-0.7727008880973919,0.16877150061794166,75.16666666666667,17.174593639054947,A13-twin,d916f34
1.5,8741400.0,True,1746.0,8.558823529411764,16699.0,11.0,True,-0.7253350200487558,0.18821965799717233,80.5,18.812230064508565,A13-twin,d916f34
1.5,8741600.0,True,1723.0,8.446078431372548,16700.0,7.0,True,-0.7585722608484767,0.17435232341613133,73.5,16.537835408541227,A13-twin,d916f34
1.5,8741800.0,True,1672.0,8.196078431372548,14866.0,15.0,True,-0.7768987607387094,0.16714802110172464,76.0,11.627553482998906,A13-twin,d916f34
1.5,8742000.0,True,1706.0,8.362745098039216,16253.0,3.0,True,-0.8564405476067983,0.1391744303519751,78.16666666666667,9.45339445208263,A13-twin,d916f34
1.5,8742200.0,True,1737.0,8.514705882352942,16123.0,12.0,True,-0.6455860234288032,0.22615905279965196,66.16666666666667,7.5740786018278605,A13-twin,d916f34
1.5,8742400.0,True,1726.0,8.46078431372549,15539.0,28.0,True,-0.7512738883945469,0.17730709386686594,74.5,17.997222007854432,A13-twin,d916f34
1.5,8742600.0,True,1667.0,8.17156862745098,15084.0,15.0,True,-0.8789836775568168,0.13213452944496035,69.0,12.553883861180172,A13-twin,d916f34
1.5,8742800.0,True,1662.0,8.147058823529411,14680.0,65.0,True,-0.8322271735568468,0.14715425571106666,70.83333333333333,11.788412389574207,A13-twin,d916f34
1.5,8743000.0,True,1696.0,8.313725490196079,15677.0,4.0,True,-0.9395877495515109,0.1149244014276499,72.66666666666667,18.31574914292797,A13-twin,d916f34
1.5,8743200.0,True,1757.0,8.612745098039216,15114.0,8.0,True,-0.6954221779649907,0.20164052616979472,82.83333333333333,18.19248929274569,A13-twin,d916f34
1.5,8743400.0,True,1832.0,8.980392156862745,16601.0,1.0,True,-0.7010889960177199,0.19902654502014114,83.33333333333333,11.343133018115703,A13-twin,d916f34
1.5,8743600.0,True,1673.0,8.200980392156863,14937.0,2.0,True,-0.768724334077692,0.17032392866820392,63.333333333333336,10.23067283548187,A13-twin,d916f34
1.5,8743800.0,True,1748.0,8.568627450980392,18147.0,10.0,True,-0.6816495228454836,0.2081375686937924,70.16666666666667,14.274686219551961,A13-twin,d916f34
1.5,8744000.0,True,1755.0,8.602941176470589,17053.0,10.0,True,-0.8188058474493746,0.15177287206451118,67.66666666666667,9.688481133111974,A13-twin,d916f34
1.5,8744200.0,True,1677.0,8.220588235294118,16131.0,7.0,True,-0.6528146154068774,0.22242591437477055,69.33333333333333,7.033254343948231,A13-twin,d916f34
1.5,8744400.0,True,1762.0,8.637254901960784,16281.0,21.0,True,-0.6402092085965992,0.228976436039772,78.66666666666667,7.659416862050705,A13-twin,d916f34
1.5,8744600.0,True,1698.0,8.323529411764707,15517.0,12.0,True,-0.6393172658736751,0.22944718513541823,69.5,6.348228099241551,A13-twin,d916f34
1.5,8744800.0,True,1791.0,8.779411764705882,17300.0,25.0,True,-0.6248791504208869,0.23720336711979936,77.5,13.095800853708795,A13-twin,d916f34
1.5,8745000.0,True,1722.0,8.441176470588236,15244.0,17.0,True,-0.9738893980570548,0.10619659740472362,84.0,14.071247279470288,A13-twin,d916f34
1.5,8745200.0,True,1743.0,8.544117647058824,16958.0,12.0,True,-0.7132017377687194,0.1935522669240587,67.0,9.465727652959385,A13-twin,d916f34
1.5,8745400.0,True,1755.0,8.602941176470589,16439.0,6.0,True,-0.7088517824604068,0.19550065534077848,73.33333333333333,7.941452428030194,A13-twin,d916f34
1.5,8745600.0,True,1722.0,8.441176470588236,15828.0,6.0,True,-0.6817712941581829,0.20807921742962301,79.0,7.37563556583431,A13-twin,d916f34
1.5,8745800.0,True,1850.0,9.068627450980392,18021.0,1.0,True,-1.0154162864317344,0.09651253291328893,83.83333333333333,12.828354012369111,A13-twin,d916f34
1.5,8746000.0,True,1657.0,8.122549019607844,14995.0,17.0,True,-0.7346725971202884,0.18421602329713993,72.33333333333333,9.66781602362533,A13-twin,d916f34
1.5,8746200.0,True,1740.0,8.529411764705882,15186.0,5.0,True,-0.6191292833966621,0.2403647161332833,77.66666666666667,12.436505404118419,A13-twin,d916f34
1.5,8746400.0,True,1749.0,8.573529411764707,17606.0,33.0,True,-0.7491070858133968,0.17819393330125122,67.0,7.127411872482185,A13-twin,d916f34
1.5,8746600.0,True,1671.0,8.191176470588236,14395.0,30.0,True,-0.8958882666389012,0.12709010349415045,78.16666666666667,13.775582262346179,A13-twin,d916f34
1.5,8746800.0,True,1687.0,8.269607843137255,16194.0,0.0,True,-0.8665597937885064,0.13596909477582195,68.33333333333333,16.717256553234645,A13-twin,d916f34
1.5,8747000.0,True,1780.0,8.72549019607843,18508.0,4.0,True,-0.631074023798018,0.2338438626959759,75.16666666666667,16.82161308158842,A13-twin,d916f34
1.5,8747200.0,True,1806.0,8.852941176470589,17781.0,10.0,True,-0.579672425156347,0.2632252669773032,72.66666666666667,11.707547423208101,A13-twin,d916f34
1.5,8747400.0,True,1669.0,8.181372549019608,15717.0,20.0,True,-1.0280826186165934,0.09373836654736756,68.16666666666667,7.678975626127919,A13-twin,d916f34
1.5,8747600.0,True,1745.0,8.553921568627452,16555.0,1.0,True,-0.5653716322680438,0.2720372448506648,66.83333333333333,7.082843120291926,A13-twin,d916f34
1.5,8747800.0,True,1802.0,8.833333333333334,18969.0,8.0,True,-0.9142328146196501,0.1218336303622922,81.5,18.338484124921557,A13-twin,d916f34
1.5,8748000.0,True,1801.0,8.82843137254902,16988.0,11.0,True,-0.9581082059808439,0.11012648913783174,85.0,8.07465169527454,A13-twin,d916f34
1.5,8748200.0,True,1780.0,8.72549019607843,15868.0,29.0,True,-0.7299640619284812,0.18622412316200448,78.5,10.894952959971878,A13-twin,d916f34
1.5,8748400.0,True,1761.0,8.632352941176471,16971.0,10.0,True,-0.6736454329780565,0.21200913153937956,83.0,13.827508813954884,A13-twin,d916f34
1.5,8748600.0,True,1714.0,8.401960784313726,15227.0,40.0,True,-0.8281136113989748,0.1485546972491469,74.66666666666667,11.430952132988164,A13-twin,d916f34
1.5,8748800.0,True,1645.0,8.063725490196079,14922.0,6.0,True,-0.715169033660647,0.19267748387423494,67.5,4.636809247747852,A13-twin,d916f34
1.5,8749000.0,True,1814.0,8.892156862745098,15798.0,4.0,True,-0.6195451535738495,0.2401346587031189,75.16666666666667,5.980523945831725,A13-twin,d916f34
1.5,8749200.0,True,1767.0,8.661764705882353,16765.0,3.0,True,-0.7415982450935568,0.18130164930780918,74.0,11.966620241321273,A13-twin,d916f34
1.5,8749400.0,True,1739.0,8.52450980392157,16799.0,12.0,True,-0.6794187624114153,0.20920942102417497,72.33333333333333,11.587349423689037,A13-twin,d916f34
1.5,8749600.0,True,1646.0,8.068627450980392,14737.0,1.0,True,-0.8849016501871119,0.1303461925472221,71.33333333333333,6.282250127674532,A13-twin,d916f34
1.5,8749800.0,True,1742.0,8.53921568627451,16106.0,7.0,True,-0.7329945770733853,0.18492917104771442,74.83333333333333,13.105978279650346,A13-twin,d916f34
1.5,8750000.0,True,1767.0,8.661764705882353,17115.0,9.0,True,-0.871462871801893,0.1344426697920113,79.33333333333333,17.637082147188256,A13-twin,d916f34
1.5,8750200.0,True,1760.0,8.627450980392156,15450.0,7.0,True,-0.6601259693761128,0.21871271443190232,79.5,9.731392500562292,A13-twin,d916f34
1.5,8750400.0,True,1750.0,8.57843137254902,15584.0,17.0,True,-0.6880116095535045,0.2051107347922178,73.0,7.5099933422074345,A13-twin,d916f34
1.5,8750600.0,True,1690.0,8.284313725490197,14572.0,11.0,True,-0.8031701288233247,0.15733663993229757,74.33333333333333,13.779211394948067,A13-twin,d916f34
1.5,8750800.0,True,1714.0,8.401960784313726,15753.0,2.0,True,-0.7991179950835235,0.15881152090476214,71.66666666666667,9.66781602362533,A13-twin,d916f34
1.5,8751000.0,True,1775.0,8.700980392156863,16334.0,24.0,True,-0.5615973311260825,0.27441172816542014,66.66666666666667,13.30663994653296,A13-twin,d916f34
1.5,8751200.0,True,1739.0,8.52450980392157,16817.0,25.0,True,-0.6722406598822684,0.21269600859997856,72.33333333333333,12.754084313139327,A13-twin,d916f34
1.5,8751400.0,True,1785.0,8.75,16634.0,18.0,True,-0.6267138903728962,0.2362033809139812,77.33333333333333,16.512621435334445,A13-twin,d916f34
1.5,8751600.0,True,1737.0,8.514705882352942,15413.0,3.0,True,-0.8219304431205353,0.15068483846536493,75.33333333333333,6.918574034197125,A13-twin,d916f34
1.5,8751800.0,True,1742.0,8.53921568627451,16934.0,3.0,True,-0.7891734303449697,0.16248997417516575,71.5,8.734987120768983,A13-twin,d916f34
1.5,8752000.0,True,1780.0,8.72549019607843,16035.0,9.0,True,-0.8667683711661625,0.13590380896332538,74.5,5.357238094391549,A13-twin,d916f34
1.5,8752200.0,True,1730.0,8.480392156862745,16398.0,11.0,True,-0.6813127810245893,0.20829901629758968,79.33333333333333,12.077527340754258,A13-twin,d916f34
1.5,8752400.0,True,1695.0,8.308823529411764,14817.0,21.0,True,-0.8458618480038127,0.14260611611053706,71.0,2.756809750418044,A13-twin,d916f34
1.5,8752600.0,True,1733.0,8.495098039215685,16895.0,3.0,True,-0.7267528287805849,0.18760619326009348,79.16666666666667,15.393721663933862,A13-twin,d916f34
1.5,8752800.0,True,1723.0,8.446078431372548,15866.0,27.0,True,-0.7738107771753637,0.16834073646833403,68.66666666666667,14.348054455802247,A13-twin,d916f34
1.5,8753000.0,True,1692.0,8.294117647058824,15907.0,8.0,True,-0.742072451930338,0.18110379378708658,67.33333333333333,7.312090444371341,A13-twin,d916f34
1.5,8753200.0,True,1805.0,8.848039215686274,19068.0,1.0,True,-0.6366937595036243,0.2308374353135163,75.33333333333333,6.713171133426189,A13-twin,d916f34
1.5,8753400.0,True,1761.0,8.632352941176471,15982.0,2.0,True,-0.618601530732833,0.24065698377980801,76.0,15.949921629901509,A13-twin,d916f34
1.5,8753600.0,True,1763.0,8.642156862745098,17462.0,26.0,True,-0.8986831764478187,0.12627483902659337,84.5,10.709808588392232,A13-twin,d916f34
1.5,8753800.0,True,1766.0,8.656862745098039,16717.0,13.0,True,-0.7478547135480891,0.1787085316410842,78.16666666666667,8.612007121842542,A13-twin,d916f34
1.5,8754000.0,True,1745.0,8.553921568627452,17308.0,24.0,True,-0.958084637267398,0.11013246575094417,78.5,15.215124054702938,A13-twin,d916f34
1.5,8754200.0,True,1740.0,8.529411764705882,17350.0,32.0,True,-0.7130150352576575,0.19363549262558066,76.66666666666667,13.923601066773877,A13-twin,d916f34
1.5,8754400.0,True,1706.0,8.362745098039216,15901.0,13.0,True,-0.7246066957147552,0.18853557260066106,65.5,7.9435508432942,A13-twin,d916f34
1.5,8754600.0,True,1737.0,8.514705882352942,16004.0,15.0,True,-0.6750833888965141,0.21130832677000366,70.66666666666667,7.339391437078873,A13-twin,d916f34
1.5,8754800.0,True,1639.0,8.034313725490197,13529.0,6.0,True,-0.6670327003733113,0.2152619646281837,65.16666666666667,13.09070917355766,A13-twin,d916f34
1.5,8755000.0,True,1788.0,8.764705882352942,16534.0,21.0,True,-0.6615176336564109,0.21801298755877355,73.5,8.384509526501834,A13-twin,d916f34
1.5,8755200.0,True,1745.0,8.553921568627452,16613.0,9.0,True,-0.6297155486744034,0.23457647257305875,73.16666666666667,12.983322635853531,A13-twin,d916f34
1.5,8755400.0,True,1723.0,8.446078431372548,15780.0,13.0,True,-0.6613727325230204,0.21808573911539259,79.33333333333333,11.656185768366369,A13-twin,d916f34
1.5,8755600.0,True,1725.0,8.455882352941176,17593.0,7.0,True,-0.6626349725578606,0.2174528116532533,65.83333333333333,13.963046467969182,A13-twin,d916f34
1.5,8755800.0,True,1674.0,8.205882352941176,14984.0,4.0,True,-0.6979303937708355,0.20047933183940242,69.83333333333333,9.108603991099113,A13-twin,d916f34
1.5,8756000.0,True,1704.0,8.352941176470589,15502.0,8.0,True,-0.6122563176085296,0.24419888823043245,71.83333333333333,14.232591705893437,A13-twin,d916f34
1.5,8756200.0,True,1720.0,8.431372549019608,16022.0,9.0,True,-0.8721657158054861,0.13422526936827672,79.5,13.442470011125186,A13-twin,d916f34
1.5,8756400.0,True,1695.0,8.308823529411764,16263.0,17.0,True,-0.6442703405018718,0.22684523415259575,76.83333333333333,5.115336417740935,A13-twin,d916f34
1.5,8756600.0,True,1781.0,8.730392156862745,17019.0,7.0,True,-0.8353585810138019,0.1460970406690525,74.83333333333333,12.089940722214758,A13-twin,d916f34
1.5,8756800.0,True,1735.0,8.504901960784315,15435.0,6.0,True,-0.6979516474085575,0.20046952095990034,74.5,8.043631020876083,A13-twin,d916f34
1.5,8757000.0,True,1806.0,8.852941176470589,16874.0,20.0,True,-0.8144858280581465,0.15329012273360704,86.66666666666667,11.97775716345371,A13-twin,d916f34
1.5,8757200.0,True,1740.0,8.529411764705882,15742.0,12.0,True,-0.6682530429469346,0.2146579398945186,66.66666666666667,14.569374271624252,A13-twin,d916f34
1.5,8757400.0,True,1739.0,8.52450980392157,16522.0,7.0,True,-0.5712828901696857,0.26835958390819004,78.5,10.153817016275209,A13-twin,d916f34
1.5,8757600.0,True,1769.0,8.67156862745098,17413.0,10.0,True,-0.7734798340655398,0.16846906515131072,82.16666666666667,10.962055768270233,A13-twin,d916f34
1.5,8757800.0,True,1774.0,8.696078431372548,15805.0,29.0,True,-0.5984387942963381,0.2520932432993348,79.16666666666667,11.87293841753871,A13-twin,d916f34
1.5,8758000.0,True,1682.0,8.245098039215685,17014.0,3.0,True,-0.544492447646633,0.2854352150357007,70.0,11.7983049630021,A13-twin,d916f34
1.5,8758200.0,True,1624.0,7.96078431372549,15228.0,5.0,True,-0.7915260891577263,0.1616121138744232,65.0,11.454256850621082,A13-twin,d916f34
1.5,8758400.0,True,1648.0,8.07843137254902,15065.0,4.0,True,-0.7135516250583095,0.1933963952552499,68.0,10.099504938362077,A13-twin,d916f34
1.5,8758600.0,True,1718.0,8.42156862745098,16111.0,15.0,True,-0.7490167355786428,0.17823100846382686,73.16666666666667,10.361788777362076,A13-twin,d916f34
1.5,8758800.0,True,1721.0,8.436274509803921,14783.0,9.0,True,-0.7121044132833861,0.19404193049872404,71.83333333333333,14.105554461511488,A13-twin,d916f34
1.5,8759000.0,True,1757.0,8.612745098039216,16373.0,13.0,True,-0.5941533583209305,0.2545931073168486,66.0,7.8230428862431785,A13-twin,d916f34
1.5,8759200.0,True,1687.0,8.269607843137255,14943.0,77.0,True,-0.7935714383924444,0.16085277646044738,72.0,11.15347479487895,A13-twin,d916f34
1.5,8759400.0,True,1736.0,8.509803921568627,15581.0,40.0,True,-0.6915750303837148,0.20343467039341384,73.16666666666667,6.013872850889571,A13-twin,d916f34
1.5,8759600.0,True,1660.0,8.137254901960784,15050.0,9.0,True,-0.757529658858412,0.17477139033856465,66.83333333333333,12.983322635853531,A13-twin,d916f34
1.5,8759800.0,True,1752.0,8.588235294117647,17444.0,25.0,True,-0.7334832171917325,0.18472121769098074,71.0,9.654014708917737,A13-twin,d916f34
1.5,8760000.0,True,1680.0,8.235294117647058,14780.0,3.0,True,-0.6260794560453382,0.23654868818844776,69.33333333333333,9.416297927883688,A13-twin,d916f34
1.5,8760200.0,True,1795.0,8.799019607843137,18616.0,30.0,True,-0.6546686474277755,0.22147838732352548,75.16666666666667,8.352644291879468,A13-twin,d916f34
1.5,8760400.0,True,1679.0,8.230392156862745,15426.0,18.0,True,-0.7376459052083776,0.18295913350837728,66.33333333333333,14.038043548396146,A13-twin,d916f34
1.5,8760600.0,True,1635.0,8.014705882352942,16210.0,26.0,True,-0.8386874073611601,0.1449815013101456,66.16666666666667,13.570801990548189,A13-twin,d916f34
1.5,8760800.0,True,1742.0,8.53921568627451,16402.0,13.0,True,-0.5784298077765202,0.26397949409646304,66.16666666666667,9.745084230865666,A13-twin,d916f34
1.5,8761000.0,True,1669.0,8.181372549019608,15295.0,3.0,True,-0.5712018457062691,0.26840966763899554,66.5,11.058933040759403,A13-twin,d916f34
1.5,8761200.0,True,1792.0,8.784313725490197,16236.0,11.0,True,-0.6626430837501746,0.21744875038796646,78.83333333333333,15.904925861715505,A13-twin,d916f34
1.5,8761400.0,True,1780.0,8.72549019607843,16358.0,6.0,True,-0.6835494995217117,0.20722898530296657,69.16666666666667,10.609743949156673,A13-twin,d916f34
1.5,8761600.0,True,1745.0,8.553921568627452,16615.0,10.0,True,-1.0119486217972358,0.09728623091915094,81.5,7.368853370776216,A13-twin,d916f34
1.5,8761800.0,True,1790.0,8.77450980392157,17708.0,14.0,True,-0.8140130332983605,0.15345709292072668,83.16666666666667,14.005951116102993,A13-twin,d916f34
1.5,8762000.0,True,1682.0,8.245098039215685,16681.0,34.0,True,-0.6982792492427349,0.20031835758646016,72.16666666666667,10.684880283216405,A13-twin,d916f34
1.5,8762200.0,True,1777.0,8.71078431372549,16866.0,12.0,True,-0.7177359391538488,0.1915420189738153,76.33333333333333,12.372011423639515,A13-twin,d916f34
1.5,8762400.0,True,1701.0,8.338235294117647,15045.0,34.0,True,-0.6552362961733855,0.2211890909894901,72.16666666666667,4.9966655548141965,A13-twin,d916f34
1.5,8762600.0,True,1662.0,8.147058823529411,15214.0,8.0,True,-1.119456373535922,0.0759527716164035,74.5,17.547079529084034,A13-twin,d916f34
1.5,8762800.0,True,1740.0,8.529411764705882,15551.0,20.0,True,-1.1409685589621843,0.07228221308968433,79.5,20.216330032921405,A13-twin,d916f34
1.5,8763000.0,True,1707.0,8.367647058823529,15251.0,9.0,True,-0.7248399725326196,0.1884343298485378,75.0,11.764352935882194,A13-twin,d916f34
1.5,8763200.0,True,1724.0,8.450980392156863,16374.0,12.0,True,-0.6424486163386992,0.22779877466092574,79.33333333333333,6.282250127674532,A13-twin,d916f34
1.5,8763400.0,True,1718.0,8.42156862745098,16582.0,13.0,True,-0.8564199473749987,0.13918103207878332,83.83333333333333,8.565434412022933,A13-twin,d916f34
1.5,8763600.0,True,1784.0,8.745098039215685,15902.0,12.0,True,-0.9079952803900773,0.12359608649333034,74.5,6.058052492344384,A13-twin,d916f34
1.5,8763800.0,True,1737.0,8.514705882352942,15693.0,22.0,True,-0.7783888020426616,0.16657552777650148,74.33333333333333,9.791152468768255,A13-twin,d916f34
1.5,8764000.0,True,1837.0,9.004901960784315,18759.0,14.0,True,-0.9483571701853842,0.1126270813462102,84.33333333333333,12.43650540411842,A13-twin,d916f34
1.5,8764200.0,True,1814.0,8.892156862745098,18338.0,6.0,True,-0.8023169683763516,0.1576460275461744,86.16666666666667,13.541294866690802,A13-twin,d916f34
1.5,8764400.0,True,1750.0,8.57843137254902,17321.0,10.0,True,-0.7483591996978161,0.1785010603526431,74.5,10.483320084782301,A13-twin,d916f34
1.5,8764600.0,True,1727.0,8.465686274509803,16297.0,13.0,True,-0.6542279708969883,0.22170323443875267,71.0,10.99090533122727,A13-twin,d916f34
1.5,8764800.0,True,1694.0,8.303921568627452,15977.0,11.0,True,-0.7296597243543672,0.1863546679024094,74.5,6.685805860178712,A13-twin,d916f34
1.5,8765000.0,True,1678.0,8.22549019607843,13003.0,8.0,True,-0.8859728898952453,0.13002507414721354,81.83333333333333,13.833534135088787,A13-twin,d916f34
1.5,8765200.0,True,1681.0,8.240196078431373,15614.0,13.0,True,-0.6913342989021282,0.20354746645041621,76.16666666666667,18.62704127516409,A13-twin,d916f34
1.5,8765400.0,True,1747.0,8.563725490196079,16476.0,8.0,True,-0.9320444674032494,0.11693796521309299,79.16666666666667,16.363577440971355,A13-twin,d916f34
1.5,8765600.0,True,1820.0,8.92156862745098,17819.0,7.0,True,-0.7666331393070832,0.17114604231192654,71.33333333333333,9.66781602362533,A13-twin,d916f34
1.5,8765800.0,True,1735.0,8.504901960784315,16100.0,12.0,True,-0.8153472224131326,0.15298638324598018,80.16666666666667,5.776388721914987,A13-twin,d916f34
1.5,8766000.0,True,1795.0,8.799019607843137,17443.0,10.0,True,-0.5816754731290373,0.2620140178554585,71.5,18.844097219023258,A13-twin,d916f34
1.5,8766200.0,True,1648.0,8.07843137254902,15330.0,4.0,True,-0.8580252323736801,0.13866752611320995,64.16666666666667,11.426577206962138,A13-twin,d916f34
1.5,8766400.0,True,1748.0,8.568627450980392,15128.0,14.0,True,-0.70768763536821,0.19602540717769276,80.83333333333333,6.794605703546503,A13-twin,d916f34
1.5,8766600.0,True,1797.0,8.808823529411764,17744.0,27.0,True,-0.7655054885116522,0.17159100247161196,79.5,13.780420893427022,A13-twin,d916f34
1.5,8766800.0,True,1736.0,8.509803921568627,14585.0,15.0,True,-0.6640941808617407,0.2167234068671201,75.16666666666667,15.34166440340378,A13-twin,d916f34
1.5,8767000.0,True,1782.0,8.735294117647058,17458.0,31.0,True,-0.72449653441534,0.18858340180154048,78.33333333333333,11.183320914051722,A13-twin,d916f34
1.5,8767200.0,True,1699.0,8.32843137254902,15232.0,2.0,True,-0.7409407659109554,0.1815763300620372,67.16666666666667,12.303116136437412,A13-twin,d916f34
1.5,8767400.0,True,1699.0,8.32843137254902,15108.0,4.0,True,-0.7004378042945284,0.19932519411384528,74.0,10.972693379476162,A13-twin,d916f34
1.5,8767600.0,True,1783.0,8.740196078431373,17418.0,5.0,True,-0.8694430499845412,0.13506939357863354,69.33333333333333,10.112698288126007,A13-twin,d916f34
